SERIAL,NAME,TYPE1,TYPE2,Effectiveness_Type1,Effectiveness_Type2,Overall_Effectiveness,Combat_Power
1502,Mega Mewtwo X,Psychic,Fighting,18.0,19.5,37.5,113417.60000000158
3842,Mega Rayquaza,Dragon,Flying,17.5,19.5,37.0,110505.59999999995
3862,Deoxys,Psychic,,18.0,0.0,18.0,110185.59999999995
3832,Primal Groudon,Ground,Fire,21.0,20.0,41.0,104311.59999999995
8004,Necrozma,Psychic,Dragon,18.0,17.5,35.5,96816.19999999994
7202,Hoopa,Psychic,Dark,18.0,18.5,36.5,91671.59999999993
4452,Mega Garchomp,Dragon,Ground,17.5,21.0,38.5,89716.59999999993
7192,Mega Diancie,Rock,Fairy,20.5,19.5,40.0,89715.59999999993
6463,Kyurem,Dragon,Ice,17.5,20.0,37.5,89565.59999999993
1503,Mega Mewtwo Y,Psychic,,18.0,0.0,18.0,88437.60000000133
7981,Kartana,Grass,Steel,17.5,19.0,36.5,86180.60000000036
2142,Mega Heracross,Bug,Fighting,17.5,19.5,37.0,85558.59999999995
3822,Primal Kyogre,Water,,19.5,0.0,19.5,85549.59999999995
2572,Mega Blaziken,Fire,Fighting,20.0,19.5,39.5,83445.59999999995
8882,Zacian,Fairy,Steel,19.5,19.0,38.5,81363.59999999996
3542,Mega Banette,Ghost,,18.5,0.0,18.5,79906.20000000023
2482,Mega Tyranitar,Rock,Dark,20.5,18.5,39.0,79557.59999999875
3841,Rayquaza,Dragon,Flying,17.5,19.5,37.0,79295.59999999999
6812,Aegislash,Steel,Ghost,19.0,18.5,37.5,79255.59999999999
3861,Deoxys,Psychic,,18.0,0.0,18.0,79075.59999999999
8002,Necrozma,Psychic,Steel,18.0,19.0,37.0,77320.59999999875
2891,Slaking,Normal,,16.0,0.0,16.0,76178.59999999996
6582,Greninja,Water,Dark,19.5,18.5,38.0,75658.59999999993
4752,Mega Gallade,Psychic,Fighting,18.0,19.5,37.5,74104.59999999996
4091,Rampardos,Rock,,20.5,0.0,20.5,74063.59999999996
6441,Zekrom,Dragon,Electric,17.5,17.5,35.0,73081.59999999996
4861,Regigigas,Normal,,16.0,0.0,16.0,73075.59999999996
4482,Mega Lucario,Fighting,Steel,19.5,19.0,38.5,73049.99999999996
3592,Mega Absol,Dark,,18.5,0.0,18.5,71985.59999999998
3831,Groudon,Ground,,21.0,0.0,21.0,68935.59999999998
3732,Mega Salamence,Dragon,Flying,17.5,19.5,37.0,68927.59999999998
7462,Wishiwashi,Water,,19.5,0.0,19.5,68817.59999999998
2602,Mega Swampert,Water,Ground,19.5,21.0,40.5,67875.59999999999
1302,Mega Gyarados,Water,Dark,19.5,18.5,38.0,66838.8
3762,Mega Metagross,Steel,Psychic,19.0,18.0,37.0,65827.59999999999
1272,Mega Pinsir,Bug,Flying,17.5,19.5,37.0,65799.59999999999
6452,Landorus,Ground,Flying,21.0,19.5,40.5,65724.59999999999
7951,Pheromosa,Bug,Fighting,17.5,19.5,37.0,65722.59999999999
3812,Mega Latios,Dragon,Psychic,17.5,18.0,35.5,64749.60000000001
5671,Archeops,Rock,Flying,20.5,19.5,40.0,63046.60000000089
3192,Mega Sharpedo,Water,Dark,19.5,18.5,38.0,62634.60000000002
5554,Darmanitan,Ice,Fire,20.0,20.0,40.0,62433.60000000002
2122,Mega Scizor,Bug,Steel,17.5,19.0,36.5,61657.60000000001
7911,Solgaleo,Psychic,Steel,18.0,19.0,37.0,60796.99999999907
4602,Mega Abomasnow,Grass,Ice,17.5,20.0,37.5,60590.60000000002
8061,Blacephalon,Fire,Ghost,20.0,18.5,38.5,60335.80000000089
7171,Yveltal,Dark,Flying,18.5,19.5,38.0,59541.20000000002
7161,Xerneas,Fairy,,19.5,0.0,19.5,59541.20000000002
8091,Melmetal,Steel,,19.0,0.0,19.0,58949.00000000085
62,Mega Charizard X,Fire,Dragon,20.0,17.5,37.5,58511.40000000002
3731,Salamence,Dragon,Flying,17.5,19.5,37.0,58485.60000000003
6462,Kyurem,Dragon,Ice,17.5,20.0,37.5,58425.60000000002
6461,Kyurem,Dragon,Ice,17.5,20.0,37.5,58425.60000000002
6121,Haxorus,Dragon,,17.5,0.0,17.5,58075.599999999155
1491,Dragonite,Dragon,Flying,17.5,19.5,37.0,55589.5999999993
3761,Metagross,Steel,Psychic,19.0,18.0,37.0,55407.60000000002
2481,Tyranitar,Rock,Dark,20.5,18.5,39.0,54561.59999999932
4831,Dialga,Steel,Dragon,19.0,17.5,36.5,54361.60000000002
6431,Reshiram,Dragon,Fire,17.5,20.0,37.5,54349.60000000002
4841,Palkia,Water,Dragon,19.5,17.5,37.0,54349.60000000002
2501,Ho-Oh,Fire,Flying,20.0,19.5,39.5,54348.40000000002
3232,Mega Camerupt,Fire,Ground,20.0,21.0,41.0,53306.60000000002
4821,Azelf,Psychic,,18.0,0.0,18.0,53275.60000000002
3062,Mega Aggron,Steel,,19.0,0.0,19.0,52365.60000000002
4641,Rhyperior,Ground,Rock,21.0,20.5,41.5,51240.60000000002
5341,Conkeldurr,Fighting,,19.5,0.0,19.5,51214.60000000002
1361,Flareon,Fire,,20.0,0.0,20.0,51195.60000000002
6451,Landorus,Ground,Flying,21.0,19.5,40.5,51178.60000000002
152,Mega Beedrill,Bug,Poison,17.5,17.0,34.5,51173.60000000002
7811,Dhelmise,Ghost,Grass,18.5,17.5,36.0,50183.60000000003
1422,Mega Aerodactyl,Rock,Flying,20.5,19.5,40.0,50172.60000000002
7941,Buzzwole,Bug,Fighting,17.5,19.5,37.0,49999.400000000474
8003,Necrozma,Psychic,Ghost,18.0,18.5,36.5,49943.800000000476
8651,Sirfetch'd,Fighting,,19.5,0.0,19.5,49761.99999999923
7871,Tapu Bulu,Grass,Fairy,17.5,19.5,37.0,49156.60000000002
4301,Honchkrow,Dark,Flying,18.5,19.5,38.0,49097.60000000002
8892,Zamazanta,Fighting,Steel,19.5,19.0,38.5,48145.60000000002
8891,Zamazanta,Fighting,,19.5,0.0,19.5,48145.60000000002
5261,Gigalith,Rock,,20.5,0.0,20.5,48125.60000000002
4931,Arceus,Normal,,16.0,0.0,16.0,48125.60000000002
8881,Zacian,Fairy,,19.5,0.0,19.5,48115.60000000002
5891,Escavalier,Bug,Steel,17.5,19.0,36.5,48110.60000000002
4872,Giratina,Ghost,Dragon,18.5,17.5,36.0,48105.60000000002
6491,Genesect,Bug,Steel,17.5,19.0,36.5,48100.60000000002
4451,Garchomp,Dragon,Ground,17.5,21.0,38.5,48098.60000000002
3622,Mega Glalie,Ice,,20.0,0.0,20.0,48085.60000000002
8791,Copperajah,Steel,,19.0,0.0,19.0,48074.60000000002
4282,Mega Lopunny,Normal,Fighting,16.0,19.5,35.5,47683.99999999924
2171,Ursaring,Normal,,16.0,0.0,16.0,47040.60000000002
6201,Mienshao,Fighting,,19.5,0.0,19.5,47025.60000000002
3591,Absol,Dark,,18.5,0.0,18.5,47025.60000000002
1501,Mewtwo,Psychic,,18.0,0.0,18.0,46847.60000000035
5001,Emboar,Fire,Fighting,20.0,19.5,39.5,46406.600000000755
8021,Marshadow,Fighting,Ghost,19.5,18.5,38.0,46007.60000000002
6141,Beartic,Ice,,20.0,0.0,20.0,46005.60000000002
4731,Mamoswine,Ice,Ground,20.0,21.0,41.0,46001.60000000002
7401,Crabominable,Fighting,Ice,19.5,20.0,39.5,46000.60000000002
2571,Blaziken,Fire,Fighting,20.0,19.5,39.5,45995.60000000002
5301,Excadrill,Ground,Steel,21.0,19.0,40.0,45986.60000000002
7201,Hoopa,Psychic,Ghost,18.0,18.5,36.5,45955.60000000002
5553,Darmanitan,Ice,,20.0,0.0,20.0,45841.60000000002
5551,Darmanitan,Fire,,20.0,0.0,20.0,45841.60000000002
7921,Lunala,Psychic,Ghost,18.0,18.5,36.5,45810.200000000295
6482,Meloetta,Normal,Fighting,16.0,19.5,35.5,45774.40000000029
6391,Terrakion,Rock,Fighting,20.5,19.5,40.0,45599.599999999264
4661,Electivire,Electric,,17.5,0.0,17.5,45372.20000000075
681,Machamp,Fighting,,19.5,0.0,19.5,44966.60000000002
2542,Mega Sceptile,Grass,Dragon,17.5,17.5,35.0,44962.60000000002
6411,Tornadus,Flying,,19.5,0.0,19.5,44922.60000000002
6421,Thundurus,Electric,Flying,17.5,19.5,37.0,44912.60000000002
8922,Urshifu,Fighting,Water,19.5,19.5,39.0,44536.99999999927
8921,Urshifu,Fighting,Dark,19.5,18.5,38.0,44536.99999999927
2861,Breloom,Grass,Fighting,17.5,19.5,37.0,43921.60000000002
8871,Dragapult,Dragon,Ghost,17.5,18.5,36.0,43920.60000000002
8051,Stakataka,Rock,Steel,20.5,19.0,39.5,43410.6000000007
2121,Scizor,Bug,Steel,17.5,19.0,36.5,42901.60000000003
63,Mega Charizard Y,Fire,Flying,20.0,19.5,39.5,42891.00000000003
4051,Luxray,Electric,,17.5,0.0,17.5,42884.60000000003
8611,Grimmsnarl,Dark,Fairy,18.5,19.5,38.0,42872.60000000003
3321,Cacturne,Grass,Dark,17.5,18.5,36.0,42865.60000000003
3191,Sharpedo,Water,Dark,19.5,18.5,38.0,42845.60000000003
7211,Volcanion,Fire,Water,20.0,19.5,39.5,41879.60000000003
991,Kingler,Water,,19.5,0.0,19.5,41867.60000000003
3481,Armaldo,Rock,Bug,20.5,17.5,38.0,41861.60000000003
3421,Crawdaunt,Water,Dark,19.5,18.5,38.0,41844.60000000003
1121,Rhydon,Ground,Rock,21.0,20.5,41.5,40830.60000000003
6041,Eelektross,Electric,,17.5,0.0,17.5,40805.60000000003
6751,Pangoro,Fighting,Dark,19.5,18.5,38.0,40802.20000000002
4751,Gallade,Psychic,Fighting,18.0,19.5,37.5,40800.60000000002
6422,Thundurus,Electric,Flying,17.5,19.5,37.0,40756.60000000002
7681,Golisopod,Bug,Water,17.5,19.5,37.0,39815.60000000001
1152,Mega Kangaskhan,Normal,,16.0,0.0,16.0,39785.60000000001
6251,Bisharp,Dark,Steel,18.5,19.0,37.5,39779.60000000001
8121,Rillaboom,Grass,,17.5,0.0,17.5,39771.60000000001
1301,Gyarados,Water,Flying,19.5,19.5,39.0,39768.80000000001
2082,Mega Steelix,Steel,Ground,19.0,21.0,40.0,38848.60000000003
8001,Necrozma,Psychic,,18.0,0.0,18.0,38744.20000000002
7501,Mudsdale,Ground,,21.0,0.0,21.0,38742.60000000002
1271,Pinsir,Bug,,17.5,0.0,17.5,38739.60000000002
7851,Tapu Koko,Electric,Fairy,17.5,19.5,37.0,38728.60000000002
7601,Bewear,Normal,Fighting,16.0,19.5,35.5,38721.60000000002
7331,Toucannon,Normal,Flying,16.0,19.5,35.5,38720.60000000002
4481,Lucario,Fighting,Steel,19.5,19.0,38.5,38715.60000000002
6971,Tyrantrum,Rock,Dragon,20.5,17.5,38.0,38336.599999999366
8471,Barraskewda,Water,,19.5,0.0,19.5,38079.60000000062
6231,Golurk,Ground,Ghost,21.0,18.5,39.5,37893.59999999998
3342,Mega Altaria,Dragon,Fairy,17.5,19.5,37.0,37714.60000000002
8931,Zarude,Dark,Grass,18.5,17.5,36.0,37708.60000000002
3821,Kyogre,Water,,19.5,0.0,19.5,37705.60000000002
2441,Entei,Fire,,20.0,0.0,20.0,37688.60000000002
8071,Zeraora,Electric,,17.5,0.0,17.5,37681.60000000002
8511,Centiskorch,Fire,Bug,20.0,17.5,37.5,37675.60000000002
6281,Braviary,Normal,Flying,16.0,19.5,35.5,37472.59999999998
92,Mega Blastoise,Water,,19.5,0.0,19.5,37100.6000000006
1812,Mega Ampharos,Electric,Dragon,17.5,17.5,35.0,36671.60000000001
6351,Hydreigon,Dark,Dragon,18.5,17.5,36.0,36655.60000000001
1032,Exeggutor,Grass,Dragon,17.5,17.5,35.0,36622.60000000001
3541,Banette,Ghost,,18.5,0.0,18.5,36214.19999999939
8531,Grapploct,Fighting,,19.5,0.0,19.5,36029.60000000058
3802,Mega Latias,Dragon,Psychic,17.5,18.0,35.5,35651.60000000002
7841,Kommo-o,Dragon,Fighting,17.5,19.5,37.0,35646.60000000002
2321,Donphan,Ground,,21.0,0.0,21.0,35633.60000000002
7271,Incineroar,Fire,Dark,20.0,18.5,38.5,35615.60000000002
6211,Druddigon,Dragon,,17.5,0.0,17.5,35615.60000000002
591,Arcanine,Fire,,20.0,0.0,20.0,35605.60000000002
2141,Heracross,Bug,Fighting,17.5,19.5,37.0,35604.60000000002
2101,Granbull,Fairy,,19.5,0.0,19.5,35597.60000000002
5711,Zoroark,Dark,,18.5,0.0,18.5,35585.60000000002
761,Golem,Rock,Ground,20.5,21.0,41.5,34612.60000000002
762,Golem,Rock,Electric,20.5,17.5,38.0,34612.60000000002
8411,Flapple,Grass,Dragon,17.5,17.5,35.0,34561.60000000002
7751,Komala,Normal,,16.0,0.0,16.0,34556.60000000002
5531,Krookodile,Ground,Dark,21.0,18.5,39.5,34147.59999999947
4922,Shaymin,Grass,Flying,17.5,19.5,37.0,33930.20000000049
7631,Tsareena,Grass,,17.5,0.0,17.5,33543.60000000003
5391,Sawk,Fighting,,19.5,0.0,19.5,33520.60000000003
3981,Staraptor,Normal,Flying,16.0,19.5,35.5,33513.60000000003
4081,Cranidos,Rock,,20.5,0.0,20.5,33483.60000000002
8151,Cinderace,Fire,,20.0,0.0,20.0,33312.59999999966
7961,Xurkitree,Electric,,17.5,0.0,17.5,33308.59999999966
7241,Decidueye,Grass,Ghost,17.5,18.5,36.0,33109.59999999948
4811,Mesprit,Psychic,,18.0,0.0,18.0,32510.600000000017
1411,Kabutops,Rock,Water,20.5,19.5,40.0,32503.600000000017
2601,Swampert,Water,Ground,19.5,21.0,40.5,32495.600000000017
1461,Moltres,Fire,Flying,20.0,19.5,39.5,32494.600000000017
5211,Unfezant,Normal,Flying,16.0,19.5,35.5,32480.600000000017
2241,Octillery,Water,,19.5,0.0,19.5,32480.600000000017
4611,Weavile,Dark,Ice,18.5,20.0,38.5,32474.600000000017
8641,Cursola,Ghost,,18.5,0.0,18.5,32471.600000000017
7453,Lycanroc,Rock,,20.5,0.0,20.5,31985.399999999507
32,Mega Venusaur,Grass,Poison,17.5,17.0,34.5,31904.00000000046
5661,Archen,Rock,Flying,20.5,19.5,40.0,31826.600000000457
8741,Stonjourner,Rock,,20.5,0.0,20.5,31477.60000000001
7661,Passimian,Fighting,,19.5,0.0,19.5,31449.60000000001
3921,Infernape,Fire,Fighting,20.0,19.5,39.5,31436.60000000001
711,Victreebel,Grass,Poison,17.5,17.0,34.5,31431.600000000013
2971,Hariyama,Fighting,,19.5,0.0,19.5,31425.600000000013
3351,Zangoose,Normal,,16.0,0.0,16.0,31425.600000000013
4501,Hippowdon,Ground,,21.0,0.0,21.0,30642.40000000045
5651,Carracosta,Water,Rock,19.5,20.5,40.0,30445.00000000002
1061,Hitmonlee,Fighting,,19.5,0.0,19.5,30390.000000000015
7452,Lycanroc,Rock,,20.5,0.0,20.5,30324.600000000017
7451,Lycanroc,Rock,,20.5,0.0,20.5,30324.600000000017
7131,Avalugg,Ice,,20.0,0.0,20.0,29858.000000000447
7971,Celesteela,Steel,Flying,19.0,19.5,38.5,29596.200000000423
3891,Torterra,Grass,Ground,17.5,21.0,38.5,29594.60000000042
8011,Magearna,Steel,Fairy,19.0,19.5,38.5,29400.60000000002
4651,Tangrowth,Grass,,17.5,0.0,17.5,29395.60000000002
3671,Huntail,Water,,19.5,0.0,19.5,29384.60000000002
7061,Goodra,Dragon,,17.5,0.0,17.5,29371.60000000002
4541,Toxicroak,Poison,Fighting,17.0,19.5,36.5,29350.60000000002
6412,Tornadus,Flying,,19.5,0.0,19.5,29337.60000000002
8341,Drednaw,Water,Rock,19.5,20.5,40.0,28955.199999999546
5031,Samurott,Water,,19.5,0.0,19.5,28951.599999999547
6111,Fraxure,Dragon,,17.5,0.0,17.5,28935.599999999547
8491,Toxtricity,Electric,Poison,17.5,17.0,34.5,28492.400000000413
8492,Toxtricity,Electric,Poison,17.5,17.0,34.5,28492.400000000413
2822,Mega Gardevoir,Psychic,Fairy,18.0,19.5,37.5,28324.600000000017
7091,Trevenant,Ghost,Grass,18.5,17.5,36.0,28322.800000000017
1431,Snorlax,Normal,,16.0,0.0,16.0,28319.600000000017
4671,Magmortar,Fire,,20.0,0.0,20.0,28318.20000000002
3231,Camerupt,Fire,Ground,20.0,21.0,41.0,28316.600000000017
1031,Exeggutor,Grass,Psychic,17.5,18.0,35.5,28310.600000000017
4191,Floatzel,Water,,19.5,0.0,19.5,28299.600000000017
6521,Chesnaught,Grass,Fighting,17.5,19.5,37.0,27734.200000000328
7991,Guzzlord,Dark,Dragon,18.5,17.5,36.0,27466.600000000406
3061,Aggron,Steel,Rock,19.0,20.5,39.5,27361.600000000017
7191,Diancie,Rock,Fairy,20.5,19.5,40.0,27355.600000000017
4871,Giratina,Ghost,Dragon,18.5,17.5,36.0,27325.600000000017
4701,Leafeon,Grass,,17.5,0.0,17.5,27322.600000000017
8841,Duraludon,Steel,Dragon,19.0,17.5,36.5,27307.600000000017
4941,Victini,Psychic,Fire,18.0,20.0,38.0,27305.600000000017
3851,Jirachi,Steel,Psychic,19.0,18.0,37.0,27305.600000000017
2511,Celebi,Psychic,Grass,18.0,17.5,35.5,27305.600000000017
4901,Manaphy,Water,,19.5,0.0,19.5,27305.600000000017
1511,Mew,Psychic,,18.0,0.0,18.0,27305.600000000017
802,Slowbro,Poison,Psychic,17.0,18.0,35.0,27299.600000000017
2292,Mega Houndoom,Dark,Fire,18.5,20.0,38.5,27295.600000000017
7541,Lurantis,Grass,,17.5,0.0,17.5,27295.600000000017
4921,Shaymin,Grass,,17.5,0.0,17.5,27280.600000000017
851,Dodrio,Normal,Flying,16.0,19.5,35.5,27273.600000000017
7742,Minior,Rock,Flying,20.5,19.5,40.0,27265.600000000017
3361,Seviper,Poison,,17.0,0.0,17.0,27265.600000000017
1601,Feraligatr,Water,,19.5,0.0,19.5,27094.199999999604
6731,Gogoat,Grass,,17.5,0.0,17.5,26647.400000000303
8581,Hatterene,Psychic,Fairy,18.0,19.5,37.5,26430.200000000405
8711,Pincurchin,Electric,,17.5,0.0,17.5,26258.600000000017
4911,Darkrai,Dark,,18.5,0.0,18.5,26255.600000000013
1231,Scyther,Bug,Flying,17.5,19.5,37.0,26245.600000000013
7351,Gumshoos,Normal,,16.0,0.0,16.0,26225.600000000013
8441,Sandaconda,Ground,,21.0,0.0,21.0,25863.599999999708
341,Nidoking,Poison,Ground,17.0,21.0,38.0,25826.199999999706
6311,Heatmor,Fire,,20.0,0.0,20.0,25815.599999999708
7183,Zygarde,Dragon,Ground,17.5,21.0,38.5,25442.600000000384
4851,Heatran,Fire,Steel,20.0,19.0,39.0,25231.600000000013
8631,Perrserker,Steel,,19.0,0.0,19.0,25217.600000000013
8811,Arctozolt,Electric,Ice,17.5,20.0,37.5,25213.600000000013
5841,Vanilluxe,Ice,,20.0,0.0,20.0,25212.600000000013
3811,Latios,Dragon,Psychic,17.5,18.0,35.5,25211.600000000013
4551,Carnivine,Grass,,17.5,0.0,17.5,25197.600000000013
7791,Bruxish,Water,Psychic,19.5,18.0,37.5,25195.600000000013
5141,Simisear,Fire,,20.0,0.0,20.0,25188.600000000017
5161,Simipour,Water,,19.5,0.0,19.5,25188.600000000017
5121,Simisage,Grass,,17.5,0.0,17.5,25188.600000000017
2751,Shiftry,Grass,Dark,17.5,18.5,36.0,25185.600000000013
6801,Doublade,Steel,Ghost,19.0,18.5,37.5,24215.40000000002
5581,Crustle,Bug,Rock,17.5,20.5,38.0,24200.60000000002
8901,Eternatus,Poison,Dragon,17.0,17.5,34.5,24180.60000000002
5081,Stoutland,Normal,,16.0,0.0,16.0,24175.60000000002
1451,Zapdos,Electric,Flying,17.5,19.5,37.0,24171.60000000002
892,Muk,Poison,Dark,17.0,18.5,35.5,24148.60000000002
891,Muk,Poison,,17.0,0.0,17.0,24148.60000000002
6321,Durant,Bug,Steel,17.5,19.0,36.5,23976.799999999625
6581,Greninja,Water,Dark,19.5,18.5,38.0,23708.599999999784
5421,Leavanny,Bug,Grass,17.5,17.5,35.0,23541.600000000188
7181,Zygarde,Dragon,Ground,17.5,21.0,38.5,23366.600000000373
6261,Bouffalant,Normal,,16.0,0.0,16.0,23140.600000000017
8801,Dracozolt,Electric,Dragon,17.5,17.5,35.0,23131.600000000017
3082,Mega Medicham,Fighting,Psychic,19.5,18.0,37.5,23130.600000000017
3301,Flygon,Ground,Dragon,21.0,17.5,38.5,23125.600000000017
1421,Aerodactyl,Rock,Flying,20.5,19.5,40.0,23112.600000000017
5231,Zebstrika,Electric,,17.5,0.0,17.5,23108.600000000017
1261,Magmar,Fire,,20.0,0.0,20.0,23108.20000000002
571,Primeape,Fighting,,19.5,0.0,19.5,23107.600000000017
782,Rapidash,Psychic,Fairy,18.0,19.5,37.5,23093.600000000017
781,Rapidash,Fire,,20.0,0.0,20.0,23093.600000000017
3032,Mega Mawile,Steel,Fairy,19.0,19.5,38.5,22124.600000000017
2301,Kingdra,Water,Dragon,19.5,17.5,37.0,22100.600000000017
7721,Type: Null,Normal,,16.0,0.0,16.0,22100.600000000017
7731,Silvally,Normal,,16.0,0.0,16.0,22100.600000000017
3864,Deoxys,Psychic,,18.0,0.0,18.0,22040.600000000017
6891,Barbaracle,Rock,Water,20.5,19.5,40.0,21906.79999999964
6011,Klinklang,Steel,,19.0,0.0,19.0,21074.600000000013
5251,Boldore,Rock,,20.5,0.0,20.5,21057.600000000013
8701,Falinks,Fighting,,19.5,0.0,19.5,21057.600000000013
7861,Tapu Lele,Psychic,Fairy,18.0,19.5,37.5,21048.600000000013
2291,Houndoom,Dark,Fire,18.5,20.0,38.5,21021.600000000013
4141,Mothim,Bug,Flying,17.5,19.5,37.0,21015.600000000013
911,Cloyster,Water,Ice,19.5,20.0,39.5,20078.600000000013
4771,Dusknoir,Ghost,,18.5,0.0,18.5,20060.600000000013
5371,Seismitoad,Water,Ground,19.5,21.0,40.5,20000.600000000017
8181,Inteleon,Water,,19.5,0.0,19.5,19998.600000000017
2341,Stantler,Normal,,16.0,0.0,16.0,19988.200000000015
7182,Zygarde,Dragon,Ground,17.5,21.0,38.5,19214.60000000034
4421,Spiritomb,Ghost,Dark,18.5,18.5,37.0,18993.60000000001
5331,Gurdurr,Fighting,,19.5,0.0,19.5,18963.60000000001
4601,Abomasnow,Grass,Ice,17.5,20.0,37.5,18962.60000000001
2211,Piloswine,Ice,Ground,20.0,21.0,41.0,18961.60000000001
4241,Ambipom,Normal,,16.0,0.0,16.0,18951.60000000001
5864,Sawsbuck,Normal,Grass,16.0,17.5,33.5,18889.60000000001
5863,Sawsbuck,Normal,Grass,16.0,17.5,33.5,18889.60000000001
5862,Sawsbuck,Normal,Grass,16.0,17.5,33.5,18889.60000000001
5861,Sawsbuck,Normal,Grass,16.0,17.5,33.5,18889.60000000001
7114,Gourgeist,Ghost,Grass,18.5,17.5,36.0,18645.199999999986
3951,Empoleon,Water,Steel,19.5,19.0,38.5,17936.20000000001
1071,Hitmonchan,Fighting,,19.5,0.0,19.5,17930.80000000001
5451,Scolipede,Bug,Poison,17.5,17.0,34.5,17930.600000000006
182,Mega Pidgeot,Normal,Flying,16.0,19.5,35.5,17925.600000000006
2431,Raikou,Electric,,17.5,0.0,17.5,17925.600000000006
4741,Porygon-Z,Normal,,16.0,0.0,16.0,17916.600000000006
2951,Exploud,Normal,,16.0,0.0,16.0,17910.600000000013
3771,Regirock,Rock,,20.5,0.0,20.5,16985.600000000006
2491,Lugia,Psychic,Flying,18.0,19.5,37.5,16940.4
6381,Cobalion,Steel,Fighting,19.0,19.5,38.5,16923.200000000004
3681,Gorebyss,Water,,19.5,0.0,19.5,16904.600000000006
621,Poliwrath,Water,Fighting,19.5,19.5,39.0,16899.600000000006
6401,Virizion,Grass,Fighting,17.5,19.5,37.0,16889.000000000004
8661,Mr. Rime,Ice,Psychic,20.0,18.0,38.0,16885.600000000006
671,Machoke,Fighting,,19.5,0.0,19.5,16873.600000000006
5561,Maractus,Grass,,17.5,0.0,17.5,16872.600000000006
8361,Boltund,Electric,,17.5,0.0,17.5,16865.600000000006
8771,Morpeko,Electric,Dark,17.5,18.5,36.0,16863.600000000006
3211,Wailord,Water,,19.5,0.0,19.5,16850.600000000006
261,Raichu,Electric,,17.5,0.0,17.5,16832.600000000006
512,Dugtrio,Ground,Steel,21.0,19.0,40.0,16831.600000000006
511,Dugtrio,Ground,,21.0,0.0,21.0,16831.600000000006
5501,Basculin,Water,,19.5,0.0,19.5,16426.0000000002
5502,Basculin,Water,,19.5,0.0,19.5,16426.0000000002
1102,Weezing,Poison,Fairy,17.0,19.5,36.5,15896.600000000002
1101,Weezing,Poison,,17.0,0.0,17.0,15896.600000000002
281,Sandslash,Ground,,21.0,0.0,21.0,15884.600000000002
61,Charizard,Fire,Flying,20.0,19.5,39.5,15845.0
1571,Typhlosion,Fire,,20.0,0.0,20.0,15845.0
981,Krabby,Water,,19.5,0.0,19.5,15842.600000000002
241,Arbok,Poison,,17.0,0.0,17.0,15836.600000000002
2541,Sceptile,Grass,,17.5,0.0,17.5,15834.600000000002
7491,Mudbray,Ground,,21.0,0.0,21.0,15832.600000000002
5731,Cinccino,Normal,,16.0,0.0,16.0,15825.600000000002
701,Weepinbell,Grass,Poison,17.5,17.0,34.5,15814.600000000002
3281,Trapinch,Ground,,21.0,0.0,21.0,15810.600000000002
311,Nidoqueen,Poison,Ground,17.0,21.0,38.0,15436.200000000237
4351,Skuntank,Poison,Dark,17.0,18.5,35.5,15415.400000000238
7011,Hawlucha,Fighting,Flying,19.5,19.5,39.0,15214.199999999757
4991,Pignite,Fire,Fighting,20.0,19.5,39.5,15196.599999999757
8831,Arctovish,Water,Ice,19.5,20.0,39.5,14823.6
3721,Shelgon,Dragon,,17.5,0.0,17.5,14815.6
1281,Tauros,Normal,,16.0,0.0,16.0,14815.6
5691,Garbodor,Poison,,17.0,0.0,17.0,14807.6
8421,Appletun,Grass,Dragon,17.5,17.5,35.0,14805.6
471,Parasect,Bug,Grass,17.5,17.5,35.0,14805.6
5101,Liepard,Dark,,18.5,0.0,18.5,14775.6
7113,Gourgeist,Ghost,Grass,18.5,17.5,36.0,14497.200000000237
832,Farfetch'd,Fighting,,19.5,0.0,19.5,14334.800000000232
6481,Meloetta,Normal,Psychic,16.0,18.0,34.0,13981.000000000226
6871,Malamar,Dark,Psychic,18.5,18.0,36.5,13979.000000000226
4371,Bronzong,Steel,Psychic,19.0,18.0,37.0,13801.599999999995
1441,Articuno,Ice,Flying,20.0,19.5,39.5,13790.599999999995
3381,Solrock,Rock,Psychic,20.5,18.0,38.5,13766.599999999995
3102,Mega Manectric,Electric,,17.5,0.0,17.5,13765.599999999995
2111,Qwilfish,Water,Poison,19.5,17.0,36.5,13764.599999999995
5811,Swanna,Water,Flying,19.5,19.5,39.0,13748.599999999997
8201,Greedent,Normal,,16.0,0.0,16.0,13744.599999999995
262,Raichu,Electric,Psychic,17.5,18.0,35.5,13715.599999999995
1191,Seaking,Water,,19.5,0.0,19.5,13337.600000000224
7771,Togedemaru,Electric,Steel,17.5,19.0,36.5,13126.599999999777
803,Mega Slowbro,Water,Psychic,19.5,18.0,37.5,12805.599999999995
8671,Runerigus,Ground,Ghost,21.0,18.5,39.5,12782.599999999995
5981,Ferrothorn,Grass,Steel,17.5,19.0,36.5,12773.599999999995
1851,Sudowoodo,Rock,,20.5,0.0,20.5,12750.599999999995
3801,Latias,Dragon,Psychic,17.5,18.0,35.5,12743.599999999995
8821,Dracovish,Water,Dragon,19.5,17.5,37.0,12741.599999999995
451,Vileplume,Grass,Poison,17.5,17.0,34.5,12731.599999999995
5381,Throh,Fighting,,19.5,0.0,19.5,12730.599999999995
942,Mega Gengar,Ghost,Poison,18.5,17.0,35.5,12728.599999999995
1691,Crobat,Poison,Flying,17.0,19.5,36.5,12725.599999999995
31,Venusaur,Grass,Poison,17.5,17.0,34.5,12316.000000000207
1251,Electabuzz,Electric,,17.5,0.0,17.5,12084.199999999792
3241,Torkoal,Fire,,20.0,0.0,20.0,11731.599999999995
282,Sandslash,Ice,Steel,20.0,19.0,39.0,11728.599999999995
3022,Mega Sableye,Dark,Ghost,18.5,18.5,37.0,11728.599999999995
751,Graveler,Rock,Ground,20.5,21.0,41.5,11722.599999999995
752,Graveler,Rock,Electric,20.5,17.5,38.0,11722.599999999995
4721,Gliscor,Ground,Flying,21.0,19.5,40.5,11720.599999999995
2331,Porygon2,Normal,,16.0,0.0,16.0,11696.599999999995
7381,Vikavolt,Bug,Electric,17.5,17.5,35.0,11692.599999999995
1311,Lapras,Water,Ice,19.5,20.0,39.5,11688.599999999995
6061,Beheeyem,Psychic,,18.0,0.0,18.0,11684.599999999995
5911,Amoonguss,Grass,Poison,17.5,17.0,34.5,11677.599999999995
8451,Cramorant,Flying,Water,19.5,19.5,39.0,11668.599999999995
2561,Combusken,Fire,Fighting,20.0,19.5,39.5,11665.599999999995
1981,Murkrow,Dark,Flying,18.5,19.5,38.0,11647.599999999995
3311,Cacnea,Grass,,17.5,0.0,17.5,11645.599999999995
3181,Carvanha,Water,Dark,19.5,18.5,38.0,11625.599999999995
4232,Gastrodon,Water,Ground,19.5,21.0,40.5,11454.399999999905
4231,Gastrodon,Water,Ground,19.5,21.0,40.5,11454.399999999905
551,Golduck,Water,,19.5,0.0,19.5,11268.000000000195
7301,Primarina,Water,Fairy,19.5,19.5,39.0,11063.999999999802
221,Fearow,Normal,Flying,16.0,19.5,35.5,10837.800000000087
2051,Forretress,Bug,Steel,17.5,19.0,36.5,10689.599999999995
4521,Drapion,Poison,Dark,17.0,18.5,35.5,10668.599999999995
8621,Obstagoon,Dark,Normal,18.5,16.0,34.5,10662.599999999995
4631,Lickilicky,Normal,,16.0,0.0,16.0,10660.599999999995
4691,Yanmega,Bug,Flying,17.5,19.5,37.0,10645.599999999995
1151,Kangaskhan,Normal,,16.0,0.0,16.0,10645.599999999995
3521,Kecleon,Normal,,16.0,0.0,16.0,10645.599999999995
1681,Ariados,Bug,Poison,17.5,17.0,34.5,10635.599999999995
2621,Mightyena,Dark,,18.5,0.0,18.5,10633.599999999995
3471,Anorith,Rock,Bug,20.5,17.5,38.0,10615.599999999995
7261,Torracat,Fire,,20.0,0.0,20.0,10615.599999999995
8041,Naganadel,Poison,Dragon,17.0,17.5,34.5,10430.599999999942
7111,Gourgeist,Ghost,Grass,18.5,17.5,36.0,10349.200000000192
831,Farfetch'd,Normal,Flying,16.0,19.5,35.5,10178.800000000188
91,Blastoise,Water,,19.5,0.0,19.5,10042.59999999981
6471,Keldeo,Water,Fighting,19.5,19.5,39.0,10038.19999999981
6472,Keldeo,Water,Fighting,19.5,19.5,39.0,10038.19999999981
2371,Hitmontop,Fighting,,19.5,0.0,19.5,9623.599999999993
3651,Walrein,Ice,Water,20.0,19.5,39.5,9615.599999999993
1811,Ampharos,Electric,,17.5,0.0,17.5,9611.599999999993
6031,Eelektrik,Electric,,17.5,0.0,17.5,9595.599999999993
2151,Sneasel,Dark,Ice,18.5,20.0,38.5,9584.599999999993
2771,Swellow,Normal,Flying,16.0,19.5,35.5,9583.599999999993
8911,Kubfu,Fighting,,19.5,0.0,19.5,9167.600000000188
6931,Clawitzer,Water,,19.5,0.0,19.5,8989.799999999816
1541,Meganium,Grass,,17.5,0.0,17.5,8793.599999999979
3881,Grotle,Grass,,17.5,0.0,17.5,8774.599999999977
3051,Lairon,Steel,Rock,19.0,20.5,39.5,8607.599999999995
4621,Magnezone,Electric,Steel,17.5,19.0,36.5,8595.599999999993
1821,Bellossom,Grass,,17.5,0.0,17.5,8581.599999999993
7781,Mimikyu,Ghost,Fairy,18.5,19.5,38.0,8570.599999999993
2031,Girafarig,Normal,Psychic,16.0,18.0,34.0,8550.599999999993
4441,Gabite,Dragon,Ground,17.5,21.0,38.5,8548.599999999993
4261,Drifblim,Ghost,Flying,18.5,19.5,38.0,8531.599999999993
2911,Ninjask,Bug,Flying,17.5,19.5,37.0,8531.599999999993
6991,Aurorus,Rock,Ice,20.5,20.0,40.5,7937.599999999833
1481,Dragonair,Dragon,,17.5,0.0,17.5,7719.599999999881
3691,Relicanth,Water,Rock,19.5,20.5,40.0,7562.599999999992
5601,Scrafty,Dark,Fighting,18.5,19.5,38.0,7560.599999999993
3461,Cradily,Rock,Grass,20.5,17.5,38.0,7544.599999999993
6851,Slurpuff,Fairy,,19.5,0.0,19.5,7529.399999999993
1951,Quagsire,Water,Ground,19.5,21.0,40.5,7526.599999999993
4071,Roserade,Grass,Poison,17.5,17.0,34.5,7518.599999999993
6341,Zweilous,Dark,Dragon,18.5,17.5,36.0,7515.599999999993
1921,Sunflora,Grass,,17.5,0.0,17.5,7506.599999999993
5961,Galvantula,Bug,Electric,17.5,17.5,35.0,7505.599999999993
3101,Manectric,Electric,,17.5,0.0,17.5,7505.599999999993
151,Beedrill,Bug,Poison,17.5,17.0,34.5,7493.599999999993
771,Ponyta,Fire,,20.0,0.0,20.0,7478.599999999993
772,Ponyta,Psychic,,18.0,0.0,18.0,7478.599999999993
7761,Turtonator,Fire,Dragon,20.0,17.5,37.5,7154.600000000153
8231,Conviknight,Flying,Steel,19.5,19.0,38.5,6714.599999999883
6961,Tyrunt,Rock,Dragon,20.5,17.5,38.0,6684.1999999998825
2471,Pupitar,Rock,Ground,20.5,21.0,41.5,6683.599999999883
8391,Coalossal,Rock,Fire,20.5,20.0,40.5,6519.599999999995
801,Slowbro,Water,Psychic,19.5,18.0,37.5,6519.599999999993
7701,Palossand,Ghost,Ground,18.5,21.0,39.5,6508.599999999995
4161,Vespiquen,Bug,Flying,17.5,19.5,37.0,6507.599999999995
7071,Klefki,Steel,Fairy,19.0,19.5,38.5,6495.799999999995
1991,Slowking,Water,Psychic,19.5,18.0,37.5,6491.599999999995
1211,Starmie,Water,Psychic,19.5,18.0,37.5,6490.599999999995
3621,Glalie,Ice,,20.0,0.0,20.0,6485.599999999995
4891,Phione,Water,,19.5,0.0,19.5,6485.599999999995
2591,Marshtomp,Water,Ground,19.5,21.0,40.5,6475.599999999995
4781,Froslass,Ice,Ghost,20.0,18.5,38.5,6475.599999999995
5051,Watchog,Normal,,16.0,0.0,16.0,6474.599999999995
4041,Luxio,Electric,,17.5,0.0,17.5,6454.599999999995
8141,Raboot,Fire,,20.0,0.0,20.0,6257.600000000112
7112,Gourgeist,Ghost,Grass,18.5,17.5,36.0,6201.2000000001
6631,Talonflame,Fire,Flying,20.0,19.5,39.5,6060.2000000001
6911,Dragalge,Poison,Dragon,17.0,17.5,34.5,5878.199999999915
2081,Steelix,Steel,Ground,19.0,21.0,40.0,5538.599999999995
7881,Tapu Fini,Water,Fairy,19.5,19.5,39.0,5483.599999999995
3031,Mawile,Steel,Fairy,19.0,19.5,38.5,5444.599999999995
1781,Xatu,Psychic,Flying,18.0,19.5,37.5,5435.599999999995
8111,Thwackey,Grass,,17.5,0.0,17.5,5433.599999999995
4001,Bibarel,Normal,Water,16.0,19.5,35.5,5425.599999999995
4021,Kricketune,Bug,,17.5,0.0,17.5,5416.599999999995
6191,Mienfoo,Fighting,,19.5,0.0,19.5,5415.599999999995
8551,Polteageist,Ghost,,18.5,0.0,18.5,5232.4000000001115
4321,Purugly,Normal,,16.0,0.0,16.0,4804.599999999963
2451,Suicune,Water,,19.5,0.0,19.5,4440.599999999995
6182,Stunfisk,Ground,Steel,21.0,19.0,40.0,4430.599999999995
6001,Klang,Steel,,19.0,0.0,19.0,4418.599999999995
1861,Politoed,Water,,19.5,0.0,19.5,4405.599999999995
6551,Delphox,Fire,Psychic,20.0,18.0,38.0,4403.199999999995
181,Pidgeot,Normal,Flying,16.0,19.5,35.5,4399.599999999995
1961,Espeon,Psychic,,18.0,0.0,18.0,4392.599999999995
941,Gengar,Ghost,Poison,18.5,17.0,35.5,4388.599999999995
6361,Larvesta,Bug,Fire,17.5,20.0,37.5,4380.599999999995
3911,Monferno,Fire,Fighting,20.0,19.5,39.5,4377.599999999995
2921,Shedinja,Bug,Ghost,17.5,18.5,36.0,4367.599999999995
3401,Whiscash,Water,Ground,19.5,21.0,40.5,3982.1999999999607
6831,Aromatisse,Fairy,,19.5,0.0,19.5,3777.000000000075
8751,Eiscue,Ice,,20.0,0.0,20.0,3380.5999999999995
8752,Eiscue,Ice,,20.0,0.0,20.0,3380.5999999999995
381,Ninetales,Fire,,20.0,0.0,20.0,3368.5999999999995
5791,Reuniclus,Psychic,,18.0,0.0,18.0,3362.5999999999995
2821,Gardevoir,Psychic,Fairy,18.0,19.5,37.5,3360.5999999999995
421,Golbat,Poison,Flying,17.0,19.5,36.5,3356.5999999999995
8731,Frosmoth,Ice,Bug,20.0,17.5,37.5,3351.5999999999995
6761,Furfrou,Normal,,16.0,0.0,16.0,3351.5999999999995
7371,Charjabug,Bug,Electric,17.5,17.5,35.0,2960.5999999999285
7051,Sliggoo,Dragon,,17.5,0.0,17.5,2934.5999999999285
5021,Dewott,Water,,19.5,0.0,19.5,2929.5999999999285
6681,Pyroar,Fire,Normal,20.0,16.0,36.0,2524.399999999923
8321,Dubwool,Normal,,16.0,0.0,16.0,2343.5999999999995
6241,Pawniard,Dark,Steel,18.5,19.0,37.5,2309.5999999999995
2671,Beautifly,Bug,Flying,17.5,19.5,37.0,2295.5999999999995
8861,Drakloak,Dragon,Ghost,17.5,18.5,36.0,2295.5999999999995
7321,Trumbeak,Normal,Flying,16.0,19.5,35.5,2295.5999999999995
4461,Munchlax,Normal,,16.0,0.0,16.0,2294.5999999999995
6171,Accelgor,Bug,,17.5,0.0,17.5,2289.5999999999995
1591,Croconaw,Water,,19.5,0.0,19.5,2114.2000000000485
6101,Axew,Dragon,,17.5,0.0,17.5,1885.599999999929
7411,Oricorio,Fire,Flying,20.0,19.5,39.5,1882.7999999999292
7414,Oricorio,Ghost,Flying,18.5,19.5,38.0,1882.7999999999292
7413,Oricorio,Psychic,Flying,18.0,19.5,37.5,1882.7999999999292
7412,Oricorio,Electric,Flying,17.5,19.5,37.0,1882.7999999999292
7151,Noivern,Flying,Dragon,19.5,17.5,37.0,1701.6000000000704
3791,Registeel,Steel,,19.0,0.0,19.0,1355.6000000000022
4132,Wormadam,Bug,Ground,17.5,21.0,38.5,1340.6000000000026
4801,Uxie,Psychic,,18.0,0.0,18.0,1335.6000000000022
4971,Serperior,Grass,,17.5,0.0,17.5,1300.600000000002
7801,Drampa,Normal,Dragon,16.0,17.5,33.5,1291.800000000002
1401,Kabuto,Rock,Water,20.5,19.5,40.0,1286.600000000002
361,Clefable,Fairy,,19.5,0.0,19.5,1282.0000000000016
2881,Vigoroth,Normal,,16.0,0.0,16.0,1280.600000000002
6371,Volcarona,Bug,Fire,17.5,20.0,37.5,1278.600000000002
652,Mega Alakazam,Psychic,,18.0,0.0,18.0,1276.600000000002
5871,Emolga,Electric,Flying,17.5,19.5,37.0,1265.600000000002
841,Doduo,Normal,Flying,16.0,19.5,35.5,1248.6000000000015
5541,Darumaka,Fire,,20.0,0.0,20.0,1220.600000000002
5542,Darumaka,Ice,,20.0,0.0,20.0,1220.600000000002
6741,Pancham,Fighting,,19.5,0.0,19.5,1056.7999999999645
201,Raticate,Normal,,16.0,0.0,16.0,1056.7999999999645
5521,Krokorok,Ground,Dark,21.0,18.5,39.5,834.599999999949
6711,Florges,Fairy,,19.5,0.0,19.5,666.8000000000384
1052,Marowak,Fire,Ghost,20.0,18.5,38.5,299.6000000000008
1051,Marowak,Ground,,21.0,0.0,21.0,299.6000000000008
4711,Glaceon,Ice,,20.0,0.0,20.0,272.6000000000006
1111,Rhyhorn,Ground,Rock,21.0,20.5,41.5,247.6000000000006
7001,Sylveon,Fairy,,19.5,0.0,19.5,243.6000000000006
2721,Ludicolo,Water,Grass,19.5,17.5,37.0,241.6000000000006
7231,Dartrix,Grass,Flying,17.5,19.5,37.0,239.6000000000006
1341,Vaporeon,Water,,19.5,0.0,19.5,232.6000000000006
1351,Jolteon,Electric,,17.5,0.0,17.5,232.6000000000006
3411,Corphish,Water,,19.5,0.0,19.5,224.6000000000006
7391,Crabrawler,Fighting,,19.5,0.0,19.5,220.6000000000006
2161,Teddiursa,Normal,,16.0,0.0,16.0,215.6000000000006
5291,Drilbur,Ground,,21.0,0.0,21.0,206.6000000000007
2401,Magby,Fire,,20.0,0.0,20.0,206.2000000000006
691,Bellsprout,Grass,Poison,17.5,17.0,34.5,199.6000000000007
6271,Rufflet,Normal,Flying,16.0,19.5,35.5,7.5999999999712315
6511,Quilladin,Grass,,17.5,0.0,17.5,-162.80000000000706
7291,Brionne,Water,,19.5,0.0,19.5,-386.9999999999972
7581,Salazzle,Poison,Fire,17.0,20.0,37.0,-398.39999999999714
4792,Rotom,Electric,Fire,17.5,20.0,37.5,-627.3999999999996
4794,Rotom,Electric,Ice,17.5,20.0,37.5,-627.3999999999996
4795,Rotom,Electric,Flying,17.5,19.5,37.0,-627.3999999999996
4793,Rotom,Electric,Water,17.5,19.5,37.0,-627.3999999999996
4796,Rotom,Electric,Grass,17.5,17.5,35.0,-627.3999999999996
5641,Tirtouga,Water,Rock,19.5,20.5,40.0,-782.9999999999993
6091,Chandelure,Ghost,Fire,18.5,20.0,38.5,-784.3999999999994
7831,Hakamo-o,Dragon,Fighting,17.5,19.5,37.0,-788.3999999999994
3171,Swalot,Poison,,17.0,0.0,17.0,-791.3999999999995
971,Hypno,Psychic,,18.0,0.0,18.0,-795.3999999999994
3021,Sableye,Dark,Ghost,18.5,18.5,37.0,-801.3999999999994
8031,Poipole,Poison,,17.0,0.0,17.0,-807.3999999999994
8761,Indeedee M,Psychic,Normal,18.0,16.0,34.0,-811.3999999999994
401,Wigglytuff,Normal,Fairy,16.0,19.5,35.5,-828.3999999999994
3531,Shuppet,Ghost,,18.5,0.0,18.5,-1255.7999999999915
2271,Skarmory,Steel,Flying,19.0,19.5,38.5,-1788.3999999999994
2411,Miltank,Normal,,16.0,0.0,16.0,-1816.3999999999992
821,Magneton,Electric,Steel,17.5,19.0,36.5,-1824.3999999999996
731,Tentacruel,Water,Poison,19.5,17.0,36.5,-1838.3999999999996
8781,Cufant,Steel,,19.0,0.0,19.0,-1865.3999999999996
2091,Snubbull,Fairy,,19.5,0.0,19.5,-1866.3999999999999
2011,Unown,Psychic,,18.0,0.0,18.0,-1866.3999999999999
882,Grimer,Poison,Dark,17.0,18.5,35.5,-1886.3999999999999
881,Grimer,Poison,,17.0,0.0,17.0,-1886.3999999999999
4281,Lopunny,Normal,,16.0,0.0,16.0,-2244.0000000000045
5201,Tranquill,Normal,Flying,16.0,19.5,35.5,-2272.4000000000046
4881,Cresselia,Psychic,,18.0,0.0,18.0,-2832.4
1391,Omastar,Rock,Water,20.5,19.5,40.0,-2840.4
3751,Metang,Steel,Psychic,19.0,18.0,37.0,-2858.4
6791,Honedge,Steel,Ghost,19.0,18.5,37.5,-2867.0
1171,Seadra,Water,,19.5,0.0,19.5,-2869.4
5071,Herdier,Normal,,16.0,0.0,16.0,-2889.4
661,Machop,Fighting,,19.5,0.0,19.5,-2907.4
2941,Loudred,Normal,,16.0,0.0,16.0,-2911.4
561,Mankey,Fighting,,19.5,0.0,19.5,-2917.4
4411,Chatot,Normal,Flying,16.0,19.5,35.5,-3533.9999999999695
3863,Deoxys,Psychic,,18.0,0.0,18.0,-3884.3999999999996
3441,Claydol,Ground,Psychic,21.0,18.0,39.0,-3886.3999999999996
741,Geodude,Rock,Ground,20.5,21.0,41.5,-3892.3999999999996
742,Geodude,Rock,Electric,20.5,17.5,38.0,-3892.3999999999996
3341,Altaria,Dragon,Flying,17.5,19.5,37.0,-3901.3999999999996
8691,Alcremie,Fairy,,19.5,0.0,19.5,-3910.1999999999994
871,Dewgong,Water,Ice,19.5,20.0,39.5,-3911.3999999999996
1222,Mr. Mime,Psychic,Ice,18.0,20.0,38.0,-3918.3999999999987
5491,Lilligant,Grass,,17.5,0.0,17.5,-3919.3999999999987
3512,Castform,Fire,,20.0,0.0,20.0,-3924.399999999999
3514,Castform,Ice,,20.0,0.0,20.0,-3924.399999999999
3513,Castform,Water,,19.5,0.0,19.5,-3924.399999999999
3511,Castform,Normal,,16.0,0.0,16.0,-3924.399999999999
491,Venomoth,Bug,Poison,17.5,17.0,34.5,-3931.399999999999
581,Growlithe,Fire,,20.0,0.0,20.0,-3948.399999999999
3201,Wailmer,Water,,19.5,0.0,19.5,-3959.399999999999
382,Ninetales,Ice,Fairy,20.0,19.5,39.5,-4112.199999999977
1621,Furret,Normal,,16.0,0.0,16.0,-4140.199999999974
6621,Fletchinder,Fire,Flying,20.0,19.5,39.5,-4356.000000000031
4133,Wormadam,Bug,Steel,17.5,19.0,36.5,-4887.400000000001
6181,Stunfisk,Electric,Ground,17.5,21.0,38.5,-4920.4000000000015
5471,Whimsicott,Grass,Fairy,17.5,19.5,37.0,-4951.400000000001
4571,Lumineon,Water,,19.5,0.0,19.5,-4956.4000000000015
441,Gloom,Grass,Poison,17.5,17.0,34.5,-4963.4000000000015
3941,Prinplup,Water,,19.5,0.0,19.5,-4964.800000000002
4291,Mismagius,Ghost,,18.5,0.0,18.5,-4965.4000000000015
2061,Dunsparce,Normal,,16.0,0.0,16.0,-4965.4000000000015
531,Persian,Normal,,16.0,0.0,16.0,-4981.4000000000015
5321,Timburr,Fighting,,19.5,0.0,19.5,-4983.4000000000015
7591,Stufful,Normal,Fighting,16.0,19.5,35.5,-4984.4000000000015
2531,Grovyle,Grass,,17.5,0.0,17.5,-4985.4000000000015
3571,Tropius,Grass,Flying,17.5,19.5,37.0,-5158.599999999945
331,Nidorino,Poison,,17.0,0.0,17.0,-5393.799999999991
3561,Dusclops,Ghost,,18.5,0.0,18.5,-5944.400000000001
3501,Milotic,Water,,19.5,0.0,19.5,-5986.200000000001
5941,Alomomola,Water,,19.5,0.0,19.5,-6001.400000000001
5831,Vanillish,Ice,,20.0,0.0,20.0,-6007.400000000001
2841,Masquerain,Bug,Flying,17.5,19.5,37.0,-6008.400000000001
3711,Bagon,Dragon,,17.5,0.0,17.5,-6020.400000000001
3151,Roselia,Grass,Poison,17.5,17.0,34.5,-6022.400000000001
3971,Staravia,Normal,Flying,16.0,19.5,35.5,-6026.400000000001
5881,Karrablast,Bug,,17.5,0.0,17.5,-6029.400000000001
2741,Nuzleaf,Grass,Dark,17.5,18.5,36.0,-6034.400000000001
6131,Cubchoo,Ice,,20.0,0.0,20.0,-6034.400000000001
5701,Zorua,Dark,,18.5,0.0,18.5,-6034.400000000001
3131,Volbeat,Bug,,17.5,0.0,17.5,-6205.399999999941
7931,Nihilego,Rock,Poison,20.5,17.0,37.5,-6218.59999999994
1561,Quilava,Fire,,20.0,0.0,20.0,-6847.000000000073
51,Charmeleon,Fire,,20.0,0.0,20.0,-6847.000000000073
2071,Gligar,Ground,Flying,21.0,19.5,40.5,-7017.400000000004
5611,Sigilyph,Psychic,Flying,18.0,19.5,37.5,-7034.400000000004
5591,Scraggy,Dark,Fighting,18.5,19.5,38.0,-7044.400000000004
8171,Drizzile,Water,,19.5,0.0,19.5,-7055.400000000004
651,Alakazam,Psychic,,18.0,0.0,18.0,-7059.400000000004
6571,Frogadier,Water,,19.5,0.0,19.5,-7061.600000000004
1931,Yanma,Bug,Flying,17.5,19.5,37.0,-7069.400000000004
6221,Golett,Ground,Ghost,21.0,18.5,39.5,-7896.400000000072
7521,Araquanid,Water,Bug,19.5,17.5,37.0,-8054.400000000003
7651,Oranguru,Normal,Psychic,16.0,18.0,34.0,-8068.400000000003
4381,Bonsly,Rock,,20.5,0.0,20.5,-8069.400000000003
3661,Clamperl,Water,,19.5,0.0,19.5,-8075.400000000004
2642,Linoone,Dark,Normal,18.5,16.0,34.5,-8098.400000000003
2641,Linoone,Normal,,16.0,0.0,16.0,-8098.400000000003
7081,Phantump,Ghost,Grass,18.5,17.5,36.0,-8104.000000000004
3291,Vibrava,Ground,Dragon,21.0,17.5,38.5,-8104.400000000003
2581,Mudkip,Water,,19.5,0.0,19.5,-8104.400000000003
7311,Pikipek,Normal,Flying,16.0,19.5,35.5,-8124.400000000003
6951,Heliolisk,Electric,Normal,17.5,16.0,33.5,-8301.999999999929
21,Ivysaur,Grass,Poison,17.5,17.0,34.5,-8503.99999999989
5181,Musharna,Psychic,,18.0,0.0,18.0,-8691.400000000107
4211,Cherrim,Grass,,17.5,0.0,17.5,-8700.600000000108
4212,Cherrim,Grass,,17.5,0.0,17.5,-8700.600000000108
4491,Hippopotas,Ground,,21.0,0.0,21.0,-8915.600000000031
6541,Braixen,Fire,,20.0,0.0,20.0,-8926.000000000031
5931,Jellicent,Water,Ghost,19.5,18.5,38.0,-9117.400000000003
5241,Roggenrola,Rock,,20.5,0.0,20.5,-9121.400000000003
1371,Porygon,Normal,,16.0,0.0,16.0,-9123.400000000003
2001,Misdreavus,Ghost,,18.5,0.0,18.5,-9129.400000000003
5361,Palpitoad,Water,Ground,19.5,21.0,40.5,-9139.400000000003
461,Paras,Bug,Grass,17.5,17.5,35.0,-9139.400000000003
2231,Remoraid,Water,,19.5,0.0,19.5,-9159.400000000003
202,Raticate,Dark,Normal,18.5,16.0,34.5,-9333.199999999984
8131,Scorbunny,Fire,,20.0,0.0,20.0,-9362.399999999983
5511,Sandile,Ground,Dark,21.0,18.5,39.5,-9575.39999999989
8521,Clobbopus,Fighting,,19.5,0.0,19.5,-9760.400000000112
6721,Skiddo,Grass,,17.5,0.0,17.5,-9768.600000000113
5312,Mega Audino,Normal,Fairy,16.0,19.5,35.5,-10108.400000000003
1971,Umbreon,Dark,,18.5,0.0,18.5,-10120.400000000003
1141,Tangela,Grass,,17.5,0.0,17.5,-10134.400000000003
4681,Togekiss,Fairy,Flying,19.5,19.5,39.0,-10135.400000000003
271,Sandshrew,Ground,,21.0,0.0,21.0,-10145.400000000003
3041,Aron,Steel,Rock,19.0,20.5,39.5,-10146.400000000003
1091,Koffing,Poison,,17.0,0.0,17.0,-10149.400000000003
1901,Aipom,Normal,,16.0,0.0,16.0,-10179.400000000003
4431,Gible,Dragon,Ground,17.5,21.0,38.5,-10189.400000000003
7251,Litten,Fire,,20.0,0.0,20.0,-10194.400000000003
2281,Houndour,Dark,Fire,18.5,20.0,38.5,-10200.400000000003
4181,Buizel,Water,,19.5,0.0,19.5,-10200.400000000003
8281,Thievul,Dark,,18.5,0.0,18.5,-10377.599999999993
81,Wartortle,Water,,19.5,0.0,19.5,-10778.400000000136
3871,Turtwig,Grass,,17.5,0.0,17.5,-10796.200000000139
2391,Elekid,Electric,,17.5,0.0,17.5,-10817.800000000141
4131,Wormadam,Bug,Grass,17.5,17.5,35.0,-11115.400000000001
6301,Mandibuzz,Dark,Flying,18.5,19.5,38.0,-11171.400000000001
5761,Gothitelle,Psychic,,18.0,0.0,18.0,-11176.400000000001
8762,Indeedee F,Psychic,Normal,18.0,16.0,34.0,-11201.400000000001
3641,Sealeo,Ice,Water,20.0,19.5,39.5,-11204.400000000001
3371,Lunatone,Rock,Psychic,20.5,18.0,38.5,-11205.400000000001
3011,Delcatty,Normal,,16.0,0.0,16.0,-11211.400000000001
7431,Ribombee,Bug,Fairy,17.5,19.5,37.0,-11212.400000000001
8081,Meltan,Steel,,19.0,0.0,19.0,-11215.400000000001
532,Persian,Dark,,18.5,0.0,18.5,-11215.400000000001
1241,Jynx,Ice,Psychic,20.0,18.0,38.0,-11227.400000000001
8601,Morgrem,Dark,Fairy,18.5,19.5,38.0,-11227.400000000001
931,Haunter,Ghost,Poison,18.5,17.0,35.5,-11227.400000000001
4471,Riolu,Fighting,,19.5,0.0,19.5,-11234.400000000001
7021,Dedenne,Electric,Fairy,17.5,19.5,37.0,-11631.399999999852
1531,Bayleef,Grass,,17.5,0.0,17.5,-12026.39999999995
8221,Convisquire,Flying,,19.5,0.0,19.5,-12051.39999999995
272,Sandshrew,Ice,Steel,20.0,19.0,39.0,-12223.400000000003
611,Poliwhirl,Water,,19.5,0.0,19.5,-12252.400000000001
4591,Snover,Grass,Ice,17.5,20.0,37.5,-12262.400000000001
8501,Sizzlipede,Fire,Bug,20.0,17.5,37.5,-12268.400000000001
2551,Torchic,Fire,,20.0,0.0,20.0,-12272.400000000001
7341,Yungoos,Normal,,16.0,0.0,16.0,-12284.400000000001
7101,Pumpkaboo,Ghost,Grass,18.5,17.5,36.0,-12647.199999999853
7102,Pumpkaboo,Ghost,Grass,18.5,17.5,36.0,-12647.199999999853
7103,Pumpkaboo,Ghost,Grass,18.5,17.5,36.0,-12647.199999999853
7104,Pumpkaboo,Ghost,Grass,18.5,17.5,36.0,-12647.199999999853
7121,Bergmite,Ice,,20.0,0.0,20.0,-12655.399999999852
1711,Lanturn,Water,Electric,19.5,17.5,37.0,-12668.799999999852
4271,Buneary,Normal,,16.0,0.0,16.0,-12683.99999999985
1471,Dratini,Dragon,,17.5,0.0,17.5,-13100.399999999918
7481,Toxapex,Poison,Water,17.0,19.5,36.5,-13204.400000000003
901,Shellder,Water,,19.5,0.0,19.5,-13269.400000000003
6051,Elgyem,Psychic,,18.0,0.0,18.0,-13299.400000000003
5281,Swoobat,Psychic,Flying,18.0,19.5,37.5,-13299.400000000005
6331,Deino,Dark,Dragon,18.5,17.5,36.0,-13304.400000000003
3221,Numel,Fire,Ground,20.0,21.0,41.0,-13313.400000000003
4531,Croagunk,Poison,Fighting,17.0,19.5,36.5,-13314.400000000003
1581,Totodile,Water,,19.5,0.0,19.5,-13501.600000000097
301,Nidorina,Poison,,17.0,0.0,17.0,-13705.799999999841
1181,Goldeen,Water,,19.5,0.0,19.5,-13712.399999999841
6981,Amaura,Rock,Ice,20.5,20.0,40.5,-13717.799999999841
7361,Grubbin,Bug,,17.5,0.0,17.5,-13725.399999999841
5411,Swadloon,Bug,Grass,17.5,17.5,35.0,-13890.40000000016
2461,Larvitar,Rock,Ground,20.5,21.0,41.5,-14136.399999999861
3781,Regice,Ice,,20.0,0.0,20.0,-14274.400000000005
7741,Minior,Rock,Flying,20.5,19.5,40.0,-14294.400000000005
8381,Carkol,Rock,Fire,20.5,20.0,40.5,-14308.400000000005
5311,Audino,Normal,,16.0,0.0,16.0,-14308.400000000005
3081,Medicham,Fighting,Psychic,19.5,18.0,37.5,-14319.400000000005
4961,Servine,Grass,,17.5,0.0,17.5,-14319.400000000005
791,Slowpoke,Water,Psychic,19.5,18.0,37.5,-14334.400000000005
6901,Skrelp,Poison,Water,17.0,19.5,36.5,-14334.400000000005
792,Slowpoke,Psychic,,18.0,0.0,18.0,-14334.400000000005
3271,Spinda,Normal,,16.0,0.0,16.0,-14334.400000000005
1801,Flaaffy,Electric,,17.5,0.0,17.5,-14338.400000000005
8101,Grookey,Grass,,17.5,0.0,17.5,-14346.400000000005
4031,Shinx,Electric,,17.5,0.0,17.5,-14360.400000000005
523,Meowth,Steel,,19.0,0.0,19.0,-14390.400000000005
6661,Vivillon,Bug,Flying,17.5,19.5,37.0,-14760.39999999983
4981,Tepig,Fire,,20.0,0.0,20.0,-14973.400000000182
4791,Rotom,Electric,Ghost,17.5,18.5,36.0,-15117.400000000005
4761,Probopass,Rock,Steel,20.5,19.0,39.5,-15288.400000000005
5631,Cofagrigus,Ghost,,18.5,0.0,18.5,-15297.400000000005
2791,Pelipper,Water,Flying,19.5,19.5,39.0,-15340.400000000005
3581,Chimecho,Psychic,,18.0,0.0,18.0,-15352.400000000005
2041,Pineco,Bug,,17.5,0.0,17.5,-15355.400000000005
5571,Dwebble,Bug,Rock,17.5,20.5,38.0,-15359.400000000005
6151,Cryogonal,Ice,,20.0,0.0,20.0,-15367.400000000005
8331,Chewtle,Water,,19.5,0.0,19.5,-15594.800000000201
4341,Stunky,Poison,Dark,17.0,18.5,35.5,-15804.599999999817
6501,Chespin,Grass,,17.5,0.0,17.5,-15997.400000000185
8461,Arrokuda,Water,,19.5,0.0,19.5,-16020.400000000185
2191,Magcargo,Fire,Rock,20.0,20.5,40.5,-16362.400000000005
7641,Comfey,Fairy,,19.5,0.0,19.5,-16380.400000000005
7691,Sandygast,Ghost,Ground,18.5,21.0,39.5,-16401.400000000005
171,Pidgeotto,Normal,Flying,16.0,19.5,35.5,-16420.400000000005
3901,Chimchar,Fire,,20.0,0.0,20.0,-16430.400000000005
5221,Blitzle,Electric,,17.5,0.0,17.5,-16442.400000000005
7442,Rockruff,Rock,,20.5,0.0,20.5,-16452.400000000005
7441,Rockruff,Rock,,20.5,0.0,20.5,-16452.400000000005
1641,Noctowl,Normal,Flying,16.0,19.5,35.5,-17247.19999999978
6561,Froakie,Water,,19.5,0.0,19.5,-17265.59999999978
2221,Corsola,Water,Rock,19.5,20.5,40.0,-17376.40000000001
2222,Corsola,Ghost,,18.5,0.0,18.5,-17376.40000000001
5781,Duosion,Psychic,,18.0,0.0,18.0,-17462.4
3111,Plusle,Electric,,17.5,0.0,17.5,-17467.4
2251,Delibird,Ice,Flying,20.0,19.5,39.5,-17469.4
5011,Oshawott,Water,,19.5,0.0,19.5,-17885.39999999991
7281,Popplio,Water,,19.5,0.0,19.5,-18084.000000000084
8301,Eldegoss,Grass,,17.5,0.0,17.5,-18458.399999999998
1221,Mr. Mime,Psychic,Fairy,18.0,19.5,37.5,-18464.399999999998
1081,Lickitung,Normal,,16.0,0.0,16.0,-18479.399999999998
1011,Electrode,Electric,,17.5,0.0,17.5,-18482.399999999998
2311,Phanpy,Ground,,21.0,0.0,21.0,-18498.399999999998
231,Ekans,Poison,,17.0,0.0,17.0,-18508.399999999998
1671,Spinarak,Bug,Poison,17.5,17.0,34.5,-18514.399999999998
5851,Deerling,Normal,Grass,16.0,17.5,33.5,-18522.399999999998
5852,Deerling,Normal,Grass,16.0,17.5,33.5,-18522.399999999998
5854,Deerling,Normal,Grass,16.0,17.5,33.5,-18522.399999999998
5853,Deerling,Normal,Grass,16.0,17.5,33.5,-18522.399999999998
8851,Dreepy,Dragon,Ghost,17.5,18.5,36.0,-18524.399999999998
6782,Meowstic F,Psychic,,18.0,0.0,18.0,-19517.399999999987
6781,Meowstic M,Psychic,,18.0,0.0,18.0,-19517.399999999987
1891,Jumpluff,Grass,Flying,17.5,19.5,37.0,-19519.399999999987
431,Oddish,Grass,Poison,17.5,17.0,34.5,-19537.399999999987
2871,Slakoth,Normal,,16.0,0.0,16.0,-19539.399999999987
5901,Foongus,Grass,Poison,17.5,17.0,34.5,-19547.399999999987
6601,Diggersby,Normal,Ground,16.0,21.0,37.0,-19725.40000000027
6671,Litleo,Fire,Normal,20.0,16.0,36.0,-19953.199999999993
541,Psyduck,Water,,19.5,0.0,19.5,-19961.999999999996
6821,Spritzee,Fairy,,19.5,0.0,19.5,-20365.399999999718
211,Spearow,Normal,Flying,16.0,19.5,35.5,-20396.199999999717
7711,Pyukumuku,Water,,19.5,0.0,19.5,-20504.399999999994
7561,Shiinotic,Grass,Fairy,17.5,19.5,37.0,-20550.399999999994
3261,Grumpig,Psychic,,18.0,0.0,18.0,-20560.399999999994
6921,Clauncher,Water,,19.5,0.0,19.5,-20572.199999999997
121,Butterfree,Bug,Flying,17.5,19.5,37.0,-20578.399999999994
7221,Rowlet,Grass,Flying,17.5,19.5,37.0,-20580.399999999994
1771,Natu,Psychic,Flying,18.0,19.5,37.5,-20589.399999999994
251,Pikachu,Electric,,17.5,0.0,17.5,-20592.399999999994
7531,Fomantis,Grass,,17.5,0.0,17.5,-20599.399999999994
1551,Cyndaquil,Fire,,20.0,0.0,20.0,-21006.00000000007
41,Charmander,Fire,,20.0,0.0,20.0,-21006.00000000007
321,Nidoran M,Poison,,17.0,0.0,17.0,-21010.40000000007
6291,Vullaby,Dark,Flying,18.5,19.5,38.0,-21601.399999999987
5991,Klink,Steel,,19.0,0.0,19.0,-21606.399999999987
7821,Jangmo-o,Dragon,,17.5,0.0,17.5,-21613.399999999987
3931,Piplup,Water,,19.5,0.0,19.5,-21620.799999999985
1331,Eevee,Normal,,16.0,0.0,16.0,-21621.399999999987
5821,Vanillite,Ice,,20.0,0.0,20.0,-21622.399999999987
5131,Pansear,Fire,,20.0,0.0,20.0,-21626.399999999987
5151,Panpour,Water,,19.5,0.0,19.5,-21626.399999999987
5111,Pansage,Grass,,17.5,0.0,17.5,-21626.399999999987
5061,Lillipup,Normal,,16.0,0.0,16.0,-21629.399999999987
6021,Tynamo,Electric,,17.5,0.0,17.5,-21634.399999999987
8431,Silicobra,Ground,,21.0,0.0,21.0,-22020.400000000092
4311,Glameow,Normal,,16.0,0.0,16.0,-22257.399999999918
3141,Illumise,Bug,,17.5,0.0,17.5,-22429.399999999714
11,Bulbasaur,Grass,Poison,17.5,17.0,34.5,-22454.199999999717
5552,Darmanitan,Fire,Psychic,20.0,18.0,38.0,-22600.399999999987
8261,Orbeetle,Bug,Psychic,17.5,18.0,35.5,-22602.399999999987
5441,Whirlipede,Bug,Poison,17.5,17.0,34.5,-22619.399999999987
1841,Azumarill,Water,Fairy,19.5,19.5,39.0,-22634.399999999987
2711,Lombre,Water,Grass,19.5,17.5,37.0,-22660.399999999987
481,Venonat,Bug,Poison,17.5,17.0,34.5,-22663.399999999987
641,Kadabra,Psychic,,18.0,0.0,18.0,-22676.399999999987
4251,Drifloon,Ghost,Flying,18.5,19.5,38.0,-22678.399999999987
2961,Makuhita,Fighting,,19.5,0.0,19.5,-22684.399999999987
5191,Pidove,Normal,Flying,16.0,19.5,35.5,-23500.399999999703
4111,Bastiodon,Rock,Steel,20.5,19.0,39.5,-23592.399999999983
3741,Beldum,Steel,Psychic,19.0,18.0,37.0,-23678.399999999983
5751,Gothorita,Psychic,,18.0,0.0,18.0,-23681.399999999983
6081,Lampent,Ghost,Fire,18.5,20.0,38.5,-23694.399999999983
7471,Mareanie,Poison,Water,17.0,19.5,36.5,-23694.399999999983
6701,Floette,Fairy,,19.5,0.0,19.5,-23697.199999999983
6771,Espurr,Psychic,,18.0,0.0,18.0,-23699.199999999983
7041,Goomy,Dragon,,17.5,0.0,17.5,-23711.399999999983
8191,Skwovet,Normal,,16.0,0.0,16.0,-23715.399999999983
5041,Patrat,Normal,,16.0,0.0,16.0,-23715.399999999983
2931,Whismur,Normal,,16.0,0.0,16.0,-23731.399999999983
502,Diglett,Ground,Steel,21.0,19.0,40.0,-23743.399999999983
501,Diglett,Ground,,21.0,0.0,21.0,-23743.399999999983
8541,Sinistea,Ghost,,18.5,0.0,18.5,-23915.600000000308
6861,Inkay,Dark,Psychic,18.5,18.0,36.5,-24118.80000000012
5401,Sewaddle,Bug,Grass,17.5,17.5,35.0,-24310.399999999892
6841,Swirlix,Fairy,,19.5,0.0,19.5,-24522.199999999688
7031,Carbink,Rock,Fairy,20.5,19.5,40.0,-24644.399999999983
6811,Aegislash,Steel,Ghost,19.0,18.5,37.5,-24644.399999999983
5622,Yamask,Ghost,Ground,18.5,21.0,39.5,-24682.399999999983
1381,Omanyte,Rock,Water,20.5,19.5,40.0,-24703.399999999983
2691,Dustox,Bug,Poison,17.5,17.0,34.5,-24720.399999999983
1201,Staryu,Water,,19.5,0.0,19.5,-24739.399999999983
3611,Snorunt,Ice,,20.0,0.0,20.0,-24744.399999999983
5351,Tympole,Water,,19.5,0.0,19.5,-24754.399999999983
5091,Purrloin,Dark,,18.5,0.0,18.5,-24757.399999999983
2611,Poochyena,Dark,,18.5,0.0,18.5,-24760.399999999983
3961,Starly,Normal,Flying,16.0,19.5,35.5,-24764.399999999983
2761,Taillow,Normal,Flying,16.0,19.5,35.5,-24764.399999999983
4221,Shellos,Water,,19.5,0.0,19.5,-24950.600000000315
4222,Shellos,Water,,19.5,0.0,19.5,-24950.600000000315
192,Rattata,Dark,Normal,18.5,16.0,34.5,-24982.200000000317
191,Rattata,Normal,,16.0,0.0,16.0,-24982.200000000317
6881,Binacle,Rock,Water,20.5,19.5,40.0,-25353.599999999835
7571,Salandit,Poison,Fire,17.0,20.0,37.0,-25378.399999999838
8571,Hattrem,Psychic,,18.0,0.0,18.0,-25539.799999999675
1521,Chikorita,Grass,,17.5,0.0,17.5,-25769.399999999983
4561,Finneon,Water,,19.5,0.0,19.5,-25777.399999999983
5951,Joltik,Bug,Electric,17.5,17.5,35.0,-25784.399999999983
3091,Electrike,Electric,,17.5,0.0,17.5,-25794.39999999998
2521,Treecko,Grass,,17.5,0.0,17.5,-25795.39999999998
71,Squirtle,Water,,19.5,0.0,19.5,-26393.59999999977
6531,Fennekin,Fire,,20.0,0.0,20.0,-26414.399999999765
1761,Togetic,Fairy,Flying,19.5,19.5,39.0,-26785.399999999987
1041,Cubone,Ground,,21.0,0.0,21.0,-26788.399999999987
2261,Mantine,Water,Flying,19.5,19.5,39.0,-26790.399999999987
5681,Trubbish,Poison,,17.0,0.0,17.0,-26812.399999999987
351,Clefairy,Fairy,,19.5,0.0,19.5,-26822.999999999985
1321,Ditto,Normal,,16.0,0.0,16.0,-26826.399999999987
6611,Fletchling,Normal,Flying,16.0,19.5,35.5,-26832.399999999987
601,Poliwag,Water,,19.5,0.0,19.5,-26834.399999999987
5721,Minccino,Normal,,16.0,0.0,16.0,-26834.399999999987
921,Gastly,Ghost,Poison,18.5,17.0,35.5,-26843.399999999987
3391,Barboach,Water,Ground,19.5,21.0,40.5,-27247.800000000276
811,Magnemite,Electric,Steel,17.5,19.0,36.5,-27847.399999999987
8591,Impidimp,Dark,Fairy,18.5,19.5,38.0,-27854.399999999987
3121,Minun,Electric,,17.5,0.0,17.5,-27857.399999999987
961,Drowzee,Psychic,,18.0,0.0,18.0,-27860.399999999987
5271,Woobat,Psychic,Flying,18.0,19.5,37.5,-27871.399999999987
7421,Cutiefly,Bug,Fairy,17.5,19.5,37.0,-27874.399999999987
4511,Skorupi,Poison,Bug,17.0,17.5,34.5,-28871.399999999987
1161,Horsea,Water,,19.5,0.0,19.5,-28893.399999999987
2181,Slugma,Fire,,20.0,0.0,20.0,-28914.399999999987
8161,Sobble,Water,,19.5,0.0,19.5,-28914.399999999987
2201,Swinub,Ice,Ground,20.0,21.0,41.0,-28916.399999999987
291,Nidoran F,Poison,,17.0,0.0,17.0,-29320.800000000392
2991,Nosepass,Rock,,20.5,0.0,20.5,-29868.399999999987
3451,Lileep,Rock,Grass,20.5,17.5,38.0,-29915.399999999987
4171,Pachirisu,Electric,,17.5,0.0,17.5,-29920.399999999987
861,Seel,Water,,19.5,0.0,19.5,-29936.399999999987
5921,Frillish,Water,Ghost,19.5,18.5,38.0,-29937.399999999987
4951,Snivy,Grass,,17.5,0.0,17.5,-29939.399999999987
1881,Skiploom,Grass,Flying,17.5,19.5,37.0,-29941.399999999987
5771,Solosis,Psychic,,18.0,0.0,18.0,-29952.399999999987
1791,Mareep,Electric,,17.5,0.0,17.5,-29953.399999999987
391,Jigglypuff,Normal,Fairy,16.0,19.5,35.5,-29973.399999999987
5971,Ferroseed,Grass,Steel,17.5,19.0,36.5,-30112.400000000394
8211,Rookidee,Flying,,19.5,0.0,19.5,-30767.399999999594
1021,Exeggcute,Grass,Psychic,17.5,18.0,35.5,-30961.399999999987
5801,Ducklett,Water,Flying,19.5,19.5,39.0,-30984.399999999987
8351,Yamper,Electric,,17.5,0.0,17.5,-30984.399999999987
521,Meowth,Normal,,16.0,0.0,16.0,-30998.399999999987
1611,Sentret,Normal,,16.0,0.0,16.0,-31206.2000000004
3161,Gulpin,Poison,,17.0,0.0,17.0,-32021.399999999983
3631,Spheal,Ice,Water,20.0,19.5,39.5,-32024.399999999983
3001,Skitty,Normal,,16.0,0.0,16.0,-32031.399999999983
3991,Bidoof,Normal,,16.0,0.0,16.0,-32034.399999999983
161,Pidgey,Normal,Flying,16.0,19.5,35.5,-32035.399999999983
372,Vulpix,Ice,,20.0,0.0,20.0,-32235.200000000405
371,Vulpix,Fire,,20.0,0.0,20.0,-32235.200000000405
6691,Flabebe,Fairy,,19.5,0.0,19.5,-32443.400000000445
6941,Helioptile,Electric,Normal,17.5,16.0,33.5,-32455.400000000445
951,Onix,Rock,Ground,20.5,21.0,41.5,-32977.39999999998
4101,Shieldon,Rock,Steel,20.5,19.0,39.5,-33002.39999999998
2901,Nincada,Bug,Ground,17.5,21.0,38.5,-33036.39999999998
5431,Venipede,Bug,Poison,17.5,17.0,34.5,-33059.39999999998
5481,Petilil,Grass,,17.5,0.0,17.5,-33064.39999999998
721,Tentacool,Water,Poison,19.5,17.0,36.5,-33066.39999999998
8681,Milcery,Fairy,,19.5,0.0,19.5,-33070.19999999998
411,Zubat,Poison,Flying,17.0,19.5,36.5,-33078.39999999998
1701,Chinchou,Water,Electric,19.5,17.5,37.0,-33488.800000000454
8481,Toxel,Electric,Poison,17.5,17.0,34.5,-33911.399999999674
7551,Morelull,Grass,Fairy,17.5,19.5,37.0,-34095.39999999997
1941,Wooper,Water,Ground,19.5,21.0,40.5,-34113.39999999997
2811,Kirlia,Psychic,Fairy,18.0,19.5,37.5,-34115.39999999997
2381,Smoochum,Ice,Psychic,20.0,18.0,38.0,-34129.39999999997
4201,Cherubi,Grass,,17.5,0.0,17.5,-34731.79999999954
6161,Shelmet,Bug,,17.5,0.0,17.5,-35113.39999999999
8401,Applin,Grass,Dragon,17.5,17.5,35.0,-35122.39999999999
3331,Swablu,Normal,Flying,16.0,19.5,35.5,-35131.39999999999
8291,Gossifleur,Grass,,17.5,0.0,17.5,-35134.39999999999
2851,Shroomish,Grass,,17.5,0.0,17.5,-35134.39999999999
3431,Baltoy,Ground,Psychic,21.0,18.0,39.0,-35136.39999999999
7511,Dewpider,Water,Bug,19.5,17.5,37.0,-35138.39999999999
3071,Meditite,Fighting,Psychic,19.5,18.0,37.5,-35139.39999999999
8311,Wooloo,Normal,,16.0,0.0,16.0,-35141.39999999999
8371,Rolycoly,Rock,,20.5,0.0,20.5,-35144.39999999999
7621,Steenee,Grass,,17.5,0.0,17.5,-35146.39999999999
2651,Wurmple,Bug,,17.5,0.0,17.5,-35160.39999999999
1661,Ledian,Bug,Flying,17.5,19.5,37.0,-36172.39999999999
1721,Pichu,Electric,,17.5,0.0,17.5,-36215.39999999999
3551,Duskull,Ghost,,18.5,0.0,18.5,-37184.4
8251,Dottler,Bug,Psychic,17.5,18.0,35.5,-37192.4
522,Meowth,Dark,,18.5,0.0,18.5,-37226.4
2731,Seedot,Grass,,17.5,0.0,17.5,-37228.4
6071,Litwick,Ghost,Fire,18.5,20.0,38.5,-38259.39999999999
4331,Chingling,Psychic,,18.0,0.0,18.0,-38264.39999999999
631,Abra,Psychic,,18.0,0.0,18.0,-38291.39999999999
8561,Hatenna,Psychic,,18.0,0.0,18.0,-40127.80000000009
6591,Bunnelby,Normal,,16.0,0.0,16.0,-40148.80000000009
5621,Yamask,Ghost,,18.5,0.0,18.5,-40267.39999999999
5741,Gothita,Psychic,,18.0,0.0,18.0,-40341.39999999999
1001,Voltorb,Electric,,17.5,0.0,17.5,-40343.39999999999
1871,Hoppip,Grass,Flying,17.5,19.5,37.0,-40351.39999999998
2361,Tyrogue,Fighting,,19.5,0.0,19.5,-40359.39999999998
2781,Wingull,Water,Flying,19.5,19.5,39.0,-40364.39999999999
4391,Mime Jr.,Psychic,Fairy,18.0,19.5,37.5,-41380.4
3251,Spoink,Psychic,,18.0,0.0,18.0,-41390.4
4061,Budew,Grass,Poison,17.5,17.0,34.5,-41392.4
2831,Surskit,Bug,Water,17.5,19.5,37.0,-41398.4
5171,Munna,Psychic,,18.0,0.0,18.0,-42011.39999999939
6641,Scatterbug,Bug,,17.5,0.0,17.5,-42021.39999999939
2021,Wobbuffet,Psychic,,18.0,0.0,18.0,-42416.399999999994
2661,Silcoon,Bug,,17.5,0.0,17.5,-42425.39999999999
2681,Cascoon,Bug,,17.5,0.0,17.5,-42425.39999999999
7141,Noibat,Flying,Dragon,19.5,17.5,37.0,-42438.39999999999
3701,Luvdisc,Water,,19.5,0.0,19.5,-43457.39999999998
7671,Wimpod,Bug,Water,17.5,19.5,37.0,-43476.39999999998
2701,Lotad,Water,Grass,19.5,17.5,37.0,-43480.39999999998
131,Weedle,Bug,Poison,17.5,17.0,34.5,-43486.39999999998
1741,Igglybuff,Normal,Fairy,16.0,19.5,35.5,-43498.39999999999
8271,Nickit,Dark,,18.5,0.0,18.5,-43689.599999999846
1631,Hoothoot,Normal,Flying,16.0,19.5,35.5,-44311.20000000017
2632,Zigzagoon,Dark,Normal,18.5,16.0,34.5,-45542.39999999999
2631,Zigzagoon,Normal,,16.0,0.0,16.0,-45542.39999999999
4151,Combee,Bug,Flying,17.5,19.5,37.0,-45552.39999999999
7611,Bounsweet,Grass,,17.5,0.0,17.5,-45556.39999999999
1911,Sunkern,Grass,,17.5,0.0,17.5,-45564.39999999999
7901,Cosmoem,Psychic,,18.0,0.0,18.0,-46503.39999999999
4123,Burmy,Bug,,17.5,0.0,17.5,-46557.39999999999
4122,Burmy,Bug,,17.5,0.0,17.5,-46557.39999999999
4121,Burmy,Bug,,17.5,0.0,17.5,-46557.39999999999
5461,Cottonee,Grass,Fairy,17.5,19.5,37.0,-46576.39999999998
8721,Snom,Ice,Bug,20.0,17.5,37.5,-46600.39999999998
1731,Cleffa,Fairy,,19.5,0.0,19.5,-46600.999999999985
7891,Cosmog,Psychic,,18.0,0.0,18.0,-46603.39999999999
2801,Ralts,Psychic,Fairy,18.0,19.5,37.5,-46607.39999999998
4581,Mantyke,Water,Flying,19.5,19.5,39.0,-47610.39999999998
101,Caterpie,Bug,,17.5,0.0,17.5,-47642.39999999998
141,Kakuna,Bug,Poison,17.5,17.0,34.5,-50749.39999999998
4011,Kricketot,Bug,,17.5,0.0,17.5,-50753.39999999998
4361,Bronzor,Steel,Psychic,19.0,18.0,37.0,-51748.39999999998
1751,Togepi,Fairy,,19.5,0.0,19.5,-51769.39999999998
1651,Ledyba,Bug,Flying,17.5,19.5,37.0,-51794.39999999998
6651,Spewpa,Bug,,17.5,0.0,17.5,-52820.39999999998
3601,Wynaut,Psychic,,18.0,0.0,18.0,-52826.39999999998
2421,Blissey,Normal,,16.0,0.0,16.0,-52839.39999999998
7461,Wishiwashi,Water,,19.5,0.0,19.5,-54823.39999999998
111,Metapod,Bug,,17.5,0.0,17.5,-54905.39999999998
8241,Blipbug,Bug,,17.5,0.0,17.5,-54929.39999999998
1831,Marill,Water,Fairy,19.5,19.5,39.0,-55944.39999999998
2981,Azurill,Normal,Fairy,16.0,19.5,35.5,-55954.39999999998
2351,Smeargle,Normal,,16.0,0.0,16.0,-55957.39999999998
3491,Feebas,Water,,19.5,0.0,19.5,-62207.39999999998
1291,Magikarp,Water,,19.5,0.0,19.5,-65306.39999999998
1131,Chansey,Normal,,16.0,0.0,16.0,-65329.39999999998
2131,Shuckle,Bug,Rock,17.5,20.5,38.0,-66164.39999999998
4401,Happiny,Normal,,16.0,0.0,16.0,-69497.40000000001
