SERIAL,NAME,Total_Effectiveness
1502,Mega Mewtwo X,113417.60000000158
3842,Mega Rayquaza,110505.59999999995
3862,Deoxys,110185.59999999995
3832,Primal Groudon,104311.59999999995
8004,Necrozma,96816.19999999994
7202,Hoopa,91671.59999999993
4452,Mega Garchomp,89716.59999999993
7192,Mega Diancie,89715.59999999993
6463,Kyurem,89565.59999999993
1503,Mega Mewtwo Y,88437.60000000133
7981,Kartana,86180.60000000036
2142,Mega Heracross,85558.59999999995
3822,Primal Kyogre,85549.59999999995
2572,Mega Blaziken,83445.59999999995
8882,Zacian,81363.59999999996
3542,Mega Banette,79906.20000000023
2482,Mega Tyranitar,79557.59999999875
3841,Rayquaza,79295.59999999999
6812,Aegislash,79255.59999999999
3861,Deoxys,79075.59999999999
8002,Necrozma,77320.59999999875
2891,Slaking,76178.59999999996
6582,Greninja,75658.59999999993
4752,Mega Gallade,74104.59999999996
4091,Rampardos,74063.59999999996
6441,Zekrom,73081.59999999996
4861,Regigigas,73075.59999999996
4482,Mega Lucario,73049.99999999996
3592,Mega Absol,71985.59999999998
3831,Groudon,68935.59999999998
3732,Mega Salamence,68927.59999999998
7462,Wishiwashi,68817.59999999998
2602,Mega Swampert,67875.59999999999
1302,Mega Gyarados,66838.8
3762,Mega Metagross,65827.59999999999
1272,Mega Pinsir,65799.59999999999
6452,Landorus,65724.59999999999
7951,Pheromosa,65722.59999999999
3812,Mega Latios,64749.60000000001
5671,Archeops,63046.60000000089
3192,Mega Sharpedo,62634.60000000002
5554,Darmanitan,62433.60000000002
2122,Mega Scizor,61657.60000000001
7911,Solgaleo,60796.99999999907
4602,Mega Abomasnow,60590.60000000002
8061,Blacephalon,60335.80000000089
7171,Yveltal,59541.20000000002
7161,Xerneas,59541.20000000002
8091,Melmetal,58949.00000000085
62,Mega Charizard X,58511.40000000002
3731,Salamence,58485.60000000003
6462,Kyurem,58425.60000000002
6461,Kyurem,58425.60000000002
6121,Haxorus,58075.599999999155
1491,Dragonite,55589.5999999993
3761,Metagross,55407.60000000002
2481,Tyranitar,54561.59999999932
4831,Dialga,54361.60000000002
6431,Reshiram,54349.60000000002
4841,Palkia,54349.60000000002
2501,Ho-Oh,54348.40000000002
3232,Mega Camerupt,53306.60000000002
4821,Azelf,53275.60000000002
3062,Mega Aggron,52365.60000000002
4641,Rhyperior,51240.60000000002
5341,Conkeldurr,51214.60000000002
1361,Flareon,51195.60000000002
6451,Landorus,51178.60000000002
152,Mega Beedrill,51173.60000000002
7811,Dhelmise,50183.60000000003
1422,Mega Aerodactyl,50172.60000000002
7941,Buzzwole,49999.400000000474
8003,Necrozma,49943.800000000476
8651,Sirfetch'd,49761.99999999923
7871,Tapu Bulu,49156.60000000002
4301,Honchkrow,49097.60000000002
8892,Zamazanta,48145.60000000002
8891,Zamazanta,48145.60000000002
4931,Arceus,48125.60000000002
5261,Gigalith,48125.60000000002
8881,Zacian,48115.60000000002
5891,Escavalier,48110.60000000002
4872,Giratina,48105.60000000002
6491,Genesect,48100.60000000002
4451,Garchomp,48098.60000000002
3622,Mega Glalie,48085.60000000002
8791,Copperajah,48074.60000000002
4282,Mega Lopunny,47683.99999999924
2171,Ursaring,47040.60000000002
3591,Absol,47025.60000000002
6201,Mienshao,47025.60000000002
1501,Mewtwo,46847.60000000035
5001,Emboar,46406.600000000755
8021,Marshadow,46007.60000000002
6141,Beartic,46005.60000000002
4731,Mamoswine,46001.60000000002
7401,Crabominable,46000.60000000002
2571,Blaziken,45995.60000000002
5301,Excadrill,45986.60000000002
7201,Hoopa,45955.60000000002
5553,Darmanitan,45841.60000000002
5551,Darmanitan,45841.60000000002
7921,Lunala,45810.200000000295
6482,Meloetta,45774.40000000029
6391,Terrakion,45599.599999999264
4661,Electivire,45372.20000000075
681,Machamp,44966.60000000002
2542,Mega Sceptile,44962.60000000002
6411,Tornadus,44922.60000000002
6421,Thundurus,44912.60000000002
8922,Urshifu,44536.99999999927
8921,Urshifu,44536.99999999927
2861,Breloom,43921.60000000002
8871,Dragapult,43920.60000000002
8051,Stakataka,43410.6000000007
2121,Scizor,42901.60000000003
63,Mega Charizard Y,42891.00000000003
4051,Luxray,42884.60000000003
8611,Grimmsnarl,42872.60000000003
3321,Cacturne,42865.60000000003
3191,Sharpedo,42845.60000000003
7211,Volcanion,41879.60000000003
991,Kingler,41867.60000000003
3481,Armaldo,41861.60000000003
3421,Crawdaunt,41844.60000000003
1121,Rhydon,40830.60000000003
6041,Eelektross,40805.60000000003
6751,Pangoro,40802.20000000002
4751,Gallade,40800.60000000002
6422,Thundurus,40756.60000000002
7681,Golisopod,39815.60000000001
1152,Mega Kangaskhan,39785.60000000001
6251,Bisharp,39779.60000000001
8121,Rillaboom,39771.60000000001
1301,Gyarados,39768.80000000001
2082,Mega Steelix,38848.60000000003
8001,Necrozma,38744.20000000002
7501,Mudsdale,38742.60000000002
1271,Pinsir,38739.60000000002
7851,Tapu Koko,38728.60000000002
7601,Bewear,38721.60000000002
7331,Toucannon,38720.60000000002
4481,Lucario,38715.60000000002
6971,Tyrantrum,38336.599999999366
8471,Barraskewda,38079.60000000062
6231,Golurk,37893.59999999998
3342,Mega Altaria,37714.60000000002
8931,Zarude,37708.60000000002
3821,Kyogre,37705.60000000002
2441,Entei,37688.60000000002
8071,Zeraora,37681.60000000002
8511,Centiskorch,37675.60000000002
6281,Braviary,37472.59999999998
92,Mega Blastoise,37100.6000000006
1812,Mega Ampharos,36671.60000000001
6351,Hydreigon,36655.60000000001
1032,Exeggutor,36622.60000000001
3541,Banette,36214.19999999939
8531,Grapploct,36029.60000000058
3802,Mega Latias,35651.60000000002
7841,Kommo-o,35646.60000000002
2321,Donphan,35633.60000000002
7271,Incineroar,35615.60000000002
6211,Druddigon,35615.60000000002
591,Arcanine,35605.60000000002
2141,Heracross,35604.60000000002
2101,Granbull,35597.60000000002
5711,Zoroark,35585.60000000002
761,Golem,34612.60000000002
762,Golem,34612.60000000002
8411,Flapple,34561.60000000002
7751,Komala,34556.60000000002
5531,Krookodile,34147.59999999947
4922,Shaymin,33930.20000000049
7631,Tsareena,33543.60000000003
5391,Sawk,33520.60000000003
3981,Staraptor,33513.60000000003
4081,Cranidos,33483.60000000002
8151,Cinderace,33312.59999999966
7961,Xurkitree,33308.59999999966
7241,Decidueye,33109.59999999948
4811,Mesprit,32510.600000000017
1411,Kabutops,32503.600000000017
2601,Swampert,32495.600000000017
1461,Moltres,32494.600000000017
2241,Octillery,32480.600000000017
5211,Unfezant,32480.600000000017
4611,Weavile,32474.600000000017
8641,Cursola,32471.600000000017
7453,Lycanroc,31985.399999999507
32,Mega Venusaur,31904.00000000046
5661,Archen,31826.600000000457
8741,Stonjourner,31477.60000000001
7661,Passimian,31449.60000000001
3921,Infernape,31436.60000000001
711,Victreebel,31431.600000000013
2971,Hariyama,31425.600000000013
3351,Zangoose,31425.600000000013
4501,Hippowdon,30642.40000000045
5651,Carracosta,30445.00000000002
1061,Hitmonlee,30390.000000000015
7452,Lycanroc,30324.600000000017
7451,Lycanroc,30324.600000000017
7131,Avalugg,29858.000000000447
7971,Celesteela,29596.200000000423
3891,Torterra,29594.60000000042
8011,Magearna,29400.60000000002
4651,Tangrowth,29395.60000000002
3671,Huntail,29384.60000000002
7061,Goodra,29371.60000000002
4541,Toxicroak,29350.60000000002
6412,Tornadus,29337.60000000002
8341,Drednaw,28955.199999999546
5031,Samurott,28951.599999999547
6111,Fraxure,28935.599999999547
8491,Toxtricity,28492.400000000413
8492,Toxtricity,28492.400000000413
2822,Mega Gardevoir,28324.600000000017
7091,Trevenant,28322.800000000017
1431,Snorlax,28319.600000000017
4671,Magmortar,28318.20000000002
3231,Camerupt,28316.600000000017
1031,Exeggutor,28310.600000000017
4191,Floatzel,28299.600000000017
6521,Chesnaught,27734.200000000328
7991,Guzzlord,27466.600000000406
3061,Aggron,27361.600000000017
7191,Diancie,27355.600000000017
4871,Giratina,27325.600000000017
4701,Leafeon,27322.600000000017
8841,Duraludon,27307.600000000017
4941,Victini,27305.600000000017
1511,Mew,27305.600000000017
2511,Celebi,27305.600000000017
3851,Jirachi,27305.600000000017
4901,Manaphy,27305.600000000017
802,Slowbro,27299.600000000017
7541,Lurantis,27295.600000000017
2292,Mega Houndoom,27295.600000000017
4921,Shaymin,27280.600000000017
851,Dodrio,27273.600000000017
3361,Seviper,27265.600000000017
7742,Minior,27265.600000000017
1601,Feraligatr,27094.199999999604
6731,Gogoat,26647.400000000303
8581,Hatterene,26430.200000000405
8711,Pincurchin,26258.600000000017
4911,Darkrai,26255.600000000013
1231,Scyther,26245.600000000013
7351,Gumshoos,26225.600000000013
8441,Sandaconda,25863.599999999708
341,Nidoking,25826.199999999706
6311,Heatmor,25815.599999999708
7183,Zygarde,25442.600000000384
4851,Heatran,25231.600000000013
8631,Perrserker,25217.600000000013
8811,Arctozolt,25213.600000000013
5841,Vanilluxe,25212.600000000013
3811,Latios,25211.600000000013
4551,Carnivine,25197.600000000013
7791,Bruxish,25195.600000000013
5121,Simisage,25188.600000000017
5161,Simipour,25188.600000000017
5141,Simisear,25188.600000000017
2751,Shiftry,25185.600000000013
6801,Doublade,24215.40000000002
5581,Crustle,24200.60000000002
8901,Eternatus,24180.60000000002
5081,Stoutland,24175.60000000002
1451,Zapdos,24171.60000000002
892,Muk,24148.60000000002
891,Muk,24148.60000000002
6321,Durant,23976.799999999625
6581,Greninja,23708.599999999784
5421,Leavanny,23541.600000000188
7181,Zygarde,23366.600000000373
6261,Bouffalant,23140.600000000017
8801,Dracozolt,23131.600000000017
3082,Mega Medicham,23130.600000000017
3301,Flygon,23125.600000000017
1421,Aerodactyl,23112.600000000017
5231,Zebstrika,23108.600000000017
1261,Magmar,23108.20000000002
571,Primeape,23107.600000000017
782,Rapidash,23093.600000000017
781,Rapidash,23093.600000000017
3032,Mega Mawile,22124.600000000017
7721,Type: Null,22100.600000000017
7731,Silvally,22100.600000000017
2301,Kingdra,22100.600000000017
3864,Deoxys,22040.600000000017
6891,Barbaracle,21906.79999999964
6011,Klinklang,21074.600000000013
8701,Falinks,21057.600000000013
5251,Boldore,21057.600000000013
7861,Tapu Lele,21048.600000000013
2291,Houndoom,21021.600000000013
4141,Mothim,21015.600000000013
911,Cloyster,20078.600000000013
4771,Dusknoir,20060.600000000013
5371,Seismitoad,20000.600000000017
8181,Inteleon,19998.600000000017
2341,Stantler,19988.200000000015
7182,Zygarde,19214.60000000034
4421,Spiritomb,18993.60000000001
5331,Gurdurr,18963.60000000001
4601,Abomasnow,18962.60000000001
2211,Piloswine,18961.60000000001
4241,Ambipom,18951.60000000001
5864,Sawsbuck,18889.60000000001
5863,Sawsbuck,18889.60000000001
5862,Sawsbuck,18889.60000000001
5861,Sawsbuck,18889.60000000001
7114,Gourgeist,18645.199999999986
3951,Empoleon,17936.20000000001
1071,Hitmonchan,17930.80000000001
5451,Scolipede,17930.600000000006
2431,Raikou,17925.600000000006
182,Mega Pidgeot,17925.600000000006
4741,Porygon-Z,17916.600000000006
2951,Exploud,17910.600000000013
3771,Regirock,16985.600000000006
2491,Lugia,16940.4
6381,Cobalion,16923.200000000004
3681,Gorebyss,16904.600000000006
621,Poliwrath,16899.600000000006
6401,Virizion,16889.000000000004
8661,Mr. Rime,16885.600000000006
671,Machoke,16873.600000000006
5561,Maractus,16872.600000000006
8361,Boltund,16865.600000000006
8771,Morpeko,16863.600000000006
3211,Wailord,16850.600000000006
261,Raichu,16832.600000000006
512,Dugtrio,16831.600000000006
511,Dugtrio,16831.600000000006
5501,Basculin,16426.0000000002
5502,Basculin,16426.0000000002
1101,Weezing,15896.600000000002
1102,Weezing,15896.600000000002
281,Sandslash,15884.600000000002
1571,Typhlosion,15845.0
61,Charizard,15845.0
981,Krabby,15842.600000000002
241,Arbok,15836.600000000002
2541,Sceptile,15834.600000000002
7491,Mudbray,15832.600000000002
5731,Cinccino,15825.600000000002
701,Weepinbell,15814.600000000002
3281,Trapinch,15810.600000000002
311,Nidoqueen,15436.200000000237
4351,Skuntank,15415.400000000238
7011,Hawlucha,15214.199999999757
4991,Pignite,15196.599999999757
8831,Arctovish,14823.6
1281,Tauros,14815.6
3721,Shelgon,14815.6
5691,Garbodor,14807.6
8421,Appletun,14805.6
471,Parasect,14805.6
5101,Liepard,14775.6
7113,Gourgeist,14497.200000000237
832,Farfetch'd,14334.800000000232
6481,Meloetta,13981.000000000226
6871,Malamar,13979.000000000226
4371,Bronzong,13801.599999999995
1441,Articuno,13790.599999999995
3381,Solrock,13766.599999999995
3102,Mega Manectric,13765.599999999995
2111,Qwilfish,13764.599999999995
5811,Swanna,13748.599999999997
8201,Greedent,13744.599999999995
262,Raichu,13715.599999999995
1191,Seaking,13337.600000000224
7771,Togedemaru,13126.599999999777
803,Mega Slowbro,12805.599999999995
8671,Runerigus,12782.599999999995
5981,Ferrothorn,12773.599999999995
1851,Sudowoodo,12750.599999999995
3801,Latias,12743.599999999995
8821,Dracovish,12741.599999999995
451,Vileplume,12731.599999999995
5381,Throh,12730.599999999995
942,Mega Gengar,12728.599999999995
1691,Crobat,12725.599999999995
31,Venusaur,12316.000000000207
1251,Electabuzz,12084.199999999792
3241,Torkoal,11731.599999999995
282,Sandslash,11728.599999999995
3022,Mega Sableye,11728.599999999995
752,Graveler,11722.599999999995
751,Graveler,11722.599999999995
4721,Gliscor,11720.599999999995
2331,Porygon2,11696.599999999995
7381,Vikavolt,11692.599999999995
1311,Lapras,11688.599999999995
6061,Beheeyem,11684.599999999995
5911,Amoonguss,11677.599999999995
8451,Cramorant,11668.599999999995
2561,Combusken,11665.599999999995
1981,Murkrow,11647.599999999995
3311,Cacnea,11645.599999999995
3181,Carvanha,11625.599999999995
4232,Gastrodon,11454.399999999905
4231,Gastrodon,11454.399999999905
551,Golduck,11268.000000000195
7301,Primarina,11063.999999999802
221,Fearow,10837.800000000087
2051,Forretress,10689.599999999995
4521,Drapion,10668.599999999995
8621,Obstagoon,10662.599999999995
4631,Lickilicky,10660.599999999995
1151,Kangaskhan,10645.599999999995
3521,Kecleon,10645.599999999995
4691,Yanmega,10645.599999999995
1681,Ariados,10635.599999999995
2621,Mightyena,10633.599999999995
3471,Anorith,10615.599999999995
7261,Torracat,10615.599999999995
8041,Naganadel,10430.599999999942
7111,Gourgeist,10349.200000000192
831,Farfetch'd,10178.800000000188
91,Blastoise,10042.59999999981
6471,Keldeo,10038.19999999981
6472,Keldeo,10038.19999999981
2371,Hitmontop,9623.599999999993
3651,Walrein,9615.599999999993
1811,Ampharos,9611.599999999993
6031,Eelektrik,9595.599999999993
2151,Sneasel,9584.599999999993
2771,Swellow,9583.599999999993
8911,Kubfu,9167.600000000188
6931,Clawitzer,8989.799999999816
1541,Meganium,8793.599999999979
3881,Grotle,8774.599999999977
3051,Lairon,8607.599999999995
4621,Magnezone,8595.599999999993
1821,Bellossom,8581.599999999993
7781,Mimikyu,8570.599999999993
2031,Girafarig,8550.599999999993
4441,Gabite,8548.599999999993
2911,Ninjask,8531.599999999993
4261,Drifblim,8531.599999999993
6991,Aurorus,7937.599999999833
1481,Dragonair,7719.599999999881
3691,Relicanth,7562.599999999992
5601,Scrafty,7560.599999999993
3461,Cradily,7544.599999999993
6851,Slurpuff,7529.399999999993
1951,Quagsire,7526.599999999993
4071,Roserade,7518.599999999993
6341,Zweilous,7515.599999999993
1921,Sunflora,7506.599999999993
5961,Galvantula,7505.599999999993
3101,Manectric,7505.599999999993
151,Beedrill,7493.599999999993
771,Ponyta,7478.599999999993
772,Ponyta,7478.599999999993
7761,Turtonator,7154.600000000153
8231,Conviknight,6714.599999999883
6961,Tyrunt,6684.1999999998825
2471,Pupitar,6683.599999999883
8391,Coalossal,6519.599999999995
801,Slowbro,6519.599999999993
7701,Palossand,6508.599999999995
4161,Vespiquen,6507.599999999995
7071,Klefki,6495.799999999995
1991,Slowking,6491.599999999995
1211,Starmie,6490.599999999995
4891,Phione,6485.599999999995
3621,Glalie,6485.599999999995
4781,Froslass,6475.599999999995
2591,Marshtomp,6475.599999999995
5051,Watchog,6474.599999999995
4041,Luxio,6454.599999999995
8141,Raboot,6257.600000000112
7112,Gourgeist,6201.2000000001
6631,Talonflame,6060.2000000001
6911,Dragalge,5878.199999999915
2081,Steelix,5538.599999999995
7881,Tapu Fini,5483.599999999995
3031,Mawile,5444.599999999995
1781,Xatu,5435.599999999995
8111,Thwackey,5433.599999999995
4001,Bibarel,5425.599999999995
4021,Kricketune,5416.599999999995
6191,Mienfoo,5415.599999999995
8551,Polteageist,5232.4000000001115
4321,Purugly,4804.599999999963
2451,Suicune,4440.599999999995
6182,Stunfisk,4430.599999999995
6001,Klang,4418.599999999995
1861,Politoed,4405.599999999995
6551,Delphox,4403.199999999995
181,Pidgeot,4399.599999999995
1961,Espeon,4392.599999999995
941,Gengar,4388.599999999995
6361,Larvesta,4380.599999999995
3911,Monferno,4377.599999999995
2921,Shedinja,4367.599999999995
3401,Whiscash,3982.1999999999607
6831,Aromatisse,3777.000000000075
8751,Eiscue,3380.5999999999995
8752,Eiscue,3380.5999999999995
381,Ninetales,3368.5999999999995
5791,Reuniclus,3362.5999999999995
2821,Gardevoir,3360.5999999999995
421,Golbat,3356.5999999999995
6761,Furfrou,3351.5999999999995
8731,Frosmoth,3351.5999999999995
7371,Charjabug,2960.5999999999285
7051,Sliggoo,2934.5999999999285
5021,Dewott,2929.5999999999285
6681,Pyroar,2524.399999999923
8321,Dubwool,2343.5999999999995
6241,Pawniard,2309.5999999999995
8861,Drakloak,2295.5999999999995
2671,Beautifly,2295.5999999999995
7321,Trumbeak,2295.5999999999995
4461,Munchlax,2294.5999999999995
6171,Accelgor,2289.5999999999995
1591,Croconaw,2114.2000000000485
6101,Axew,1885.599999999929
7411,Oricorio,1882.7999999999292
7414,Oricorio,1882.7999999999292
7412,Oricorio,1882.7999999999292
7413,Oricorio,1882.7999999999292
7151,Noivern,1701.6000000000704
3791,Registeel,1355.6000000000022
4132,Wormadam,1340.6000000000026
4801,Uxie,1335.6000000000022
4971,Serperior,1300.600000000002
7801,Drampa,1291.800000000002
1401,Kabuto,1286.600000000002
361,Clefable,1282.0000000000016
2881,Vigoroth,1280.600000000002
6371,Volcarona,1278.600000000002
652,Mega Alakazam,1276.600000000002
5871,Emolga,1265.600000000002
841,Doduo,1248.6000000000015
5541,Darumaka,1220.600000000002
5542,Darumaka,1220.600000000002
201,Raticate,1056.7999999999645
6741,Pancham,1056.7999999999645
5521,Krokorok,834.599999999949
6711,Florges,666.8000000000384
1051,Marowak,299.6000000000008
1052,Marowak,299.6000000000008
4711,Glaceon,272.6000000000006
1111,Rhyhorn,247.6000000000006
7001,Sylveon,243.6000000000006
2721,Ludicolo,241.6000000000006
7231,Dartrix,239.6000000000006
1351,Jolteon,232.6000000000006
1341,Vaporeon,232.6000000000006
3411,Corphish,224.6000000000006
7391,Crabrawler,220.6000000000006
2161,Teddiursa,215.6000000000006
5291,Drilbur,206.6000000000007
2401,Magby,206.2000000000006
691,Bellsprout,199.6000000000007
6271,Rufflet,7.5999999999712315
6511,Quilladin,-162.80000000000706
7291,Brionne,-386.9999999999972
7581,Salazzle,-398.39999999999714
4795,Rotom,-627.3999999999996
4792,Rotom,-627.3999999999996
4793,Rotom,-627.3999999999996
4794,Rotom,-627.3999999999996
4796,Rotom,-627.3999999999996
5641,Tirtouga,-782.9999999999993
6091,Chandelure,-784.3999999999994
7831,Hakamo-o,-788.3999999999994
3171,Swalot,-791.3999999999995
971,Hypno,-795.3999999999994
3021,Sableye,-801.3999999999994
8031,Poipole,-807.3999999999994
8761,Indeedee M,-811.3999999999994
401,Wigglytuff,-828.3999999999994
3531,Shuppet,-1255.7999999999915
2271,Skarmory,-1788.3999999999994
2411,Miltank,-1816.3999999999992
821,Magneton,-1824.3999999999996
731,Tentacruel,-1838.3999999999996
8781,Cufant,-1865.3999999999996
2011,Unown,-1866.3999999999999
2091,Snubbull,-1866.3999999999999
881,Grimer,-1886.3999999999999
882,Grimer,-1886.3999999999999
4281,Lopunny,-2244.0000000000045
5201,Tranquill,-2272.4000000000046
4881,Cresselia,-2832.4
1391,Omastar,-2840.4
3751,Metang,-2858.4
6791,Honedge,-2867.0
1171,Seadra,-2869.4
5071,Herdier,-2889.4
661,Machop,-2907.4
2941,Loudred,-2911.4
561,Mankey,-2917.4
4411,Chatot,-3533.9999999999695
3863,Deoxys,-3884.3999999999996
3441,Claydol,-3886.3999999999996
742,Geodude,-3892.3999999999996
741,Geodude,-3892.3999999999996
3341,Altaria,-3901.3999999999996
8691,Alcremie,-3910.1999999999994
871,Dewgong,-3911.3999999999996
1222,Mr. Mime,-3918.3999999999987
5491,Lilligant,-3919.3999999999987
3512,Castform,-3924.399999999999
3514,Castform,-3924.399999999999
3511,Castform,-3924.399999999999
3513,Castform,-3924.399999999999
491,Venomoth,-3931.399999999999
581,Growlithe,-3948.399999999999
3201,Wailmer,-3959.399999999999
382,Ninetales,-4112.199999999977
1621,Furret,-4140.199999999974
6621,Fletchinder,-4356.000000000031
4133,Wormadam,-4887.400000000001
6181,Stunfisk,-4920.4000000000015
5471,Whimsicott,-4951.400000000001
4571,Lumineon,-4956.4000000000015
441,Gloom,-4963.4000000000015
3941,Prinplup,-4964.800000000002
4291,Mismagius,-4965.4000000000015
2061,Dunsparce,-4965.4000000000015
531,Persian,-4981.4000000000015
5321,Timburr,-4983.4000000000015
7591,Stufful,-4984.4000000000015
2531,Grovyle,-4985.4000000000015
3571,Tropius,-5158.599999999945
331,Nidorino,-5393.799999999991
3561,Dusclops,-5944.400000000001
3501,Milotic,-5986.200000000001
5941,Alomomola,-6001.400000000001
5831,Vanillish,-6007.400000000001
2841,Masquerain,-6008.400000000001
3711,Bagon,-6020.400000000001
3151,Roselia,-6022.400000000001
3971,Staravia,-6026.400000000001
5881,Karrablast,-6029.400000000001
6131,Cubchoo,-6034.400000000001
5701,Zorua,-6034.400000000001
2741,Nuzleaf,-6034.400000000001
3131,Volbeat,-6205.399999999941
7931,Nihilego,-6218.59999999994
1561,Quilava,-6847.000000000073
51,Charmeleon,-6847.000000000073
2071,Gligar,-7017.400000000004
5611,Sigilyph,-7034.400000000004
5591,Scraggy,-7044.400000000004
8171,Drizzile,-7055.400000000004
651,Alakazam,-7059.400000000004
6571,Frogadier,-7061.600000000004
1931,Yanma,-7069.400000000004
6221,Golett,-7896.400000000072
7521,Araquanid,-8054.400000000003
7651,Oranguru,-8068.400000000003
4381,Bonsly,-8069.400000000003
3661,Clamperl,-8075.400000000004
2641,Linoone,-8098.400000000003
2642,Linoone,-8098.400000000003
7081,Phantump,-8104.000000000004
2581,Mudkip,-8104.400000000003
3291,Vibrava,-8104.400000000003
7311,Pikipek,-8124.400000000003
6951,Heliolisk,-8301.999999999929
21,Ivysaur,-8503.99999999989
5181,Musharna,-8691.400000000107
4211,Cherrim,-8700.600000000108
4212,Cherrim,-8700.600000000108
4491,Hippopotas,-8915.600000000031
6541,Braixen,-8926.000000000031
5931,Jellicent,-9117.400000000003
5241,Roggenrola,-9121.400000000003
1371,Porygon,-9123.400000000003
2001,Misdreavus,-9129.400000000003
461,Paras,-9139.400000000003
5361,Palpitoad,-9139.400000000003
2231,Remoraid,-9159.400000000003
202,Raticate,-9333.199999999984
8131,Scorbunny,-9362.399999999983
5511,Sandile,-9575.39999999989
8521,Clobbopus,-9760.400000000112
6721,Skiddo,-9768.600000000113
5312,Mega Audino,-10108.400000000003
1971,Umbreon,-10120.400000000003
1141,Tangela,-10134.400000000003
4681,Togekiss,-10135.400000000003
271,Sandshrew,-10145.400000000003
3041,Aron,-10146.400000000003
1091,Koffing,-10149.400000000003
1901,Aipom,-10179.400000000003
4431,Gible,-10189.400000000003
7251,Litten,-10194.400000000003
4181,Buizel,-10200.400000000003
2281,Houndour,-10200.400000000003
8281,Thievul,-10377.599999999993
81,Wartortle,-10778.400000000136
3871,Turtwig,-10796.200000000139
2391,Elekid,-10817.800000000141
4131,Wormadam,-11115.400000000001
6301,Mandibuzz,-11171.400000000001
5761,Gothitelle,-11176.400000000001
8762,Indeedee F,-11201.400000000001
3641,Sealeo,-11204.400000000001
3371,Lunatone,-11205.400000000001
3011,Delcatty,-11211.400000000001
7431,Ribombee,-11212.400000000001
532,Persian,-11215.400000000001
8081,Meltan,-11215.400000000001
1241,Jynx,-11227.400000000001
8601,Morgrem,-11227.400000000001
931,Haunter,-11227.400000000001
4471,Riolu,-11234.400000000001
7021,Dedenne,-11631.399999999852
1531,Bayleef,-12026.39999999995
8221,Convisquire,-12051.39999999995
272,Sandshrew,-12223.400000000003
611,Poliwhirl,-12252.400000000001
4591,Snover,-12262.400000000001
8501,Sizzlipede,-12268.400000000001
2551,Torchic,-12272.400000000001
7341,Yungoos,-12284.400000000001
7101,Pumpkaboo,-12647.199999999853
7102,Pumpkaboo,-12647.199999999853
7103,Pumpkaboo,-12647.199999999853
7104,Pumpkaboo,-12647.199999999853
7121,Bergmite,-12655.399999999852
1711,Lanturn,-12668.799999999852
4271,Buneary,-12683.99999999985
1471,Dratini,-13100.399999999918
7481,Toxapex,-13204.400000000003
901,Shellder,-13269.400000000003
6051,Elgyem,-13299.400000000003
5281,Swoobat,-13299.400000000005
6331,Deino,-13304.400000000003
3221,Numel,-13313.400000000003
4531,Croagunk,-13314.400000000003
1581,Totodile,-13501.600000000097
301,Nidorina,-13705.799999999841
1181,Goldeen,-13712.399999999841
6981,Amaura,-13717.799999999841
7361,Grubbin,-13725.399999999841
5411,Swadloon,-13890.40000000016
2461,Larvitar,-14136.399999999861
3781,Regice,-14274.400000000005
7741,Minior,-14294.400000000005
8381,Carkol,-14308.400000000005
5311,Audino,-14308.400000000005
4961,Servine,-14319.400000000005
3081,Medicham,-14319.400000000005
791,Slowpoke,-14334.400000000005
792,Slowpoke,-14334.400000000005
3271,Spinda,-14334.400000000005
6901,Skrelp,-14334.400000000005
1801,Flaaffy,-14338.400000000005
8101,Grookey,-14346.400000000005
4031,Shinx,-14360.400000000005
523,Meowth,-14390.400000000005
6661,Vivillon,-14760.39999999983
4981,Tepig,-14973.400000000182
4791,Rotom,-15117.400000000005
4761,Probopass,-15288.400000000005
5631,Cofagrigus,-15297.400000000005
2791,Pelipper,-15340.400000000005
3581,Chimecho,-15352.400000000005
2041,Pineco,-15355.400000000005
5571,Dwebble,-15359.400000000005
6151,Cryogonal,-15367.400000000005
8331,Chewtle,-15594.800000000201
4341,Stunky,-15804.599999999817
6501,Chespin,-15997.400000000185
8461,Arrokuda,-16020.400000000185
2191,Magcargo,-16362.400000000005
7641,Comfey,-16380.400000000005
7691,Sandygast,-16401.400000000005
171,Pidgeotto,-16420.400000000005
3901,Chimchar,-16430.400000000005
5221,Blitzle,-16442.400000000005
7442,Rockruff,-16452.400000000005
7441,Rockruff,-16452.400000000005
1641,Noctowl,-17247.19999999978
6561,Froakie,-17265.59999999978
2222,Corsola,-17376.40000000001
2221,Corsola,-17376.40000000001
5781,Duosion,-17462.4
3111,Plusle,-17467.4
2251,Delibird,-17469.4
5011,Oshawott,-17885.39999999991
7281,Popplio,-18084.000000000084
8301,Eldegoss,-18458.399999999998
1221,Mr. Mime,-18464.399999999998
1081,Lickitung,-18479.399999999998
1011,Electrode,-18482.399999999998
2311,Phanpy,-18498.399999999998
231,Ekans,-18508.399999999998
1671,Spinarak,-18514.399999999998
5851,Deerling,-18522.399999999998
5852,Deerling,-18522.399999999998
5854,Deerling,-18522.399999999998
5853,Deerling,-18522.399999999998
8851,Dreepy,-18524.399999999998
6782,Meowstic F,-19517.399999999987
6781,Meowstic M,-19517.399999999987
1891,Jumpluff,-19519.399999999987
431,Oddish,-19537.399999999987
2871,Slakoth,-19539.399999999987
5901,Foongus,-19547.399999999987
6601,Diggersby,-19725.40000000027
6671,Litleo,-19953.199999999993
541,Psyduck,-19961.999999999996
6821,Spritzee,-20365.399999999718
211,Spearow,-20396.199999999717
7711,Pyukumuku,-20504.399999999994
7561,Shiinotic,-20550.399999999994
3261,Grumpig,-20560.399999999994
6921,Clauncher,-20572.199999999997
121,Butterfree,-20578.399999999994
7221,Rowlet,-20580.399999999994
1771,Natu,-20589.399999999994
251,Pikachu,-20592.399999999994
7531,Fomantis,-20599.399999999994
1551,Cyndaquil,-21006.00000000007
41,Charmander,-21006.00000000007
321,Nidoran M,-21010.40000000007
6291,Vullaby,-21601.399999999987
5991,Klink,-21606.399999999987
7821,Jangmo-o,-21613.399999999987
3931,Piplup,-21620.799999999985
1331,Eevee,-21621.399999999987
5821,Vanillite,-21622.399999999987
5151,Panpour,-21626.399999999987
5131,Pansear,-21626.399999999987
5111,Pansage,-21626.399999999987
5061,Lillipup,-21629.399999999987
6021,Tynamo,-21634.399999999987
8431,Silicobra,-22020.400000000092
4311,Glameow,-22257.399999999918
3141,Illumise,-22429.399999999714
11,Bulbasaur,-22454.199999999717
5552,Darmanitan,-22600.399999999987
8261,Orbeetle,-22602.399999999987
5441,Whirlipede,-22619.399999999987
1841,Azumarill,-22634.399999999987
2711,Lombre,-22660.399999999987
481,Venonat,-22663.399999999987
641,Kadabra,-22676.399999999987
4251,Drifloon,-22678.399999999987
2961,Makuhita,-22684.399999999987
5191,Pidove,-23500.399999999703
4111,Bastiodon,-23592.399999999983
3741,Beldum,-23678.399999999983
5751,Gothorita,-23681.399999999983
7471,Mareanie,-23694.399999999983
6081,Lampent,-23694.399999999983
6701,Floette,-23697.199999999983
6771,Espurr,-23699.199999999983
7041,Goomy,-23711.399999999983
8191,Skwovet,-23715.399999999983
5041,Patrat,-23715.399999999983
2931,Whismur,-23731.399999999983
501,Diglett,-23743.399999999983
502,Diglett,-23743.399999999983
8541,Sinistea,-23915.600000000308
6861,Inkay,-24118.80000000012
5401,Sewaddle,-24310.399999999892
6841,Swirlix,-24522.199999999688
6811,Aegislash,-24644.399999999983
7031,Carbink,-24644.399999999983
5622,Yamask,-24682.399999999983
1381,Omanyte,-24703.399999999983
2691,Dustox,-24720.399999999983
1201,Staryu,-24739.399999999983
3611,Snorunt,-24744.399999999983
5351,Tympole,-24754.399999999983
5091,Purrloin,-24757.399999999983
2611,Poochyena,-24760.399999999983
3961,Starly,-24764.399999999983
2761,Taillow,-24764.399999999983
4221,Shellos,-24950.600000000315
4222,Shellos,-24950.600000000315
191,Rattata,-24982.200000000317
192,Rattata,-24982.200000000317
6881,Binacle,-25353.599999999835
7571,Salandit,-25378.399999999838
8571,Hattrem,-25539.799999999675
1521,Chikorita,-25769.399999999983
4561,Finneon,-25777.399999999983
5951,Joltik,-25784.399999999983
3091,Electrike,-25794.39999999998
2521,Treecko,-25795.39999999998
71,Squirtle,-26393.59999999977
6531,Fennekin,-26414.399999999765
1761,Togetic,-26785.399999999987
1041,Cubone,-26788.399999999987
2261,Mantine,-26790.399999999987
5681,Trubbish,-26812.399999999987
351,Clefairy,-26822.999999999985
1321,Ditto,-26826.399999999987
6611,Fletchling,-26832.399999999987
5721,Minccino,-26834.399999999987
601,Poliwag,-26834.399999999987
921,Gastly,-26843.399999999987
3391,Barboach,-27247.800000000276
811,Magnemite,-27847.399999999987
8591,Impidimp,-27854.399999999987
3121,Minun,-27857.399999999987
961,Drowzee,-27860.399999999987
5271,Woobat,-27871.399999999987
7421,Cutiefly,-27874.399999999987
4511,Skorupi,-28871.399999999987
1161,Horsea,-28893.399999999987
2181,Slugma,-28914.399999999987
8161,Sobble,-28914.399999999987
2201,Swinub,-28916.399999999987
291,Nidoran F,-29320.800000000392
2991,Nosepass,-29868.399999999987
3451,Lileep,-29915.399999999987
4171,Pachirisu,-29920.399999999987
861,Seel,-29936.399999999987
5921,Frillish,-29937.399999999987
4951,Snivy,-29939.399999999987
1881,Skiploom,-29941.399999999987
5771,Solosis,-29952.399999999987
1791,Mareep,-29953.399999999987
391,Jigglypuff,-29973.399999999987
5971,Ferroseed,-30112.400000000394
8211,Rookidee,-30767.399999999594
1021,Exeggcute,-30961.399999999987
5801,Ducklett,-30984.399999999987
8351,Yamper,-30984.399999999987
521,Meowth,-30998.399999999987
1611,Sentret,-31206.2000000004
3161,Gulpin,-32021.399999999983
3631,Spheal,-32024.399999999983
3001,Skitty,-32031.399999999983
3991,Bidoof,-32034.399999999983
161,Pidgey,-32035.399999999983
372,Vulpix,-32235.200000000405
371,Vulpix,-32235.200000000405
6691,Flabebe,-32443.400000000445
6941,Helioptile,-32455.400000000445
951,Onix,-32977.39999999998
4101,Shieldon,-33002.39999999998
2901,Nincada,-33036.39999999998
5431,Venipede,-33059.39999999998
5481,Petilil,-33064.39999999998
721,Tentacool,-33066.39999999998
8681,Milcery,-33070.19999999998
411,Zubat,-33078.39999999998
1701,Chinchou,-33488.800000000454
8481,Toxel,-33911.399999999674
7551,Morelull,-34095.39999999997
1941,Wooper,-34113.39999999997
2811,Kirlia,-34115.39999999997
2381,Smoochum,-34129.39999999997
4201,Cherubi,-34731.79999999954
6161,Shelmet,-35113.39999999999
8401,Applin,-35122.39999999999
3331,Swablu,-35131.39999999999
8291,Gossifleur,-35134.39999999999
2851,Shroomish,-35134.39999999999
3431,Baltoy,-35136.39999999999
7511,Dewpider,-35138.39999999999
3071,Meditite,-35139.39999999999
8311,Wooloo,-35141.39999999999
8371,Rolycoly,-35144.39999999999
7621,Steenee,-35146.39999999999
2651,Wurmple,-35160.39999999999
1661,Ledian,-36172.39999999999
1721,Pichu,-36215.39999999999
3551,Duskull,-37184.4
8251,Dottler,-37192.4
522,Meowth,-37226.4
2731,Seedot,-37228.4
6071,Litwick,-38259.39999999999
4331,Chingling,-38264.39999999999
631,Abra,-38291.39999999999
8561,Hatenna,-40127.80000000009
6591,Bunnelby,-40148.80000000009
5621,Yamask,-40267.39999999999
5741,Gothita,-40341.39999999999
1001,Voltorb,-40343.39999999999
1871,Hoppip,-40351.39999999998
2361,Tyrogue,-40359.39999999998
2781,Wingull,-40364.39999999999
4391,Mime Jr.,-41380.4
3251,Spoink,-41390.4
4061,Budew,-41392.4
2831,Surskit,-41398.4
5171,Munna,-42011.39999999939
6641,Scatterbug,-42021.39999999939
2021,Wobbuffet,-42416.399999999994
2661,Silcoon,-42425.39999999999
2681,Cascoon,-42425.39999999999
7141,Noibat,-42438.39999999999
3701,Luvdisc,-43457.39999999998
7671,Wimpod,-43476.39999999998
2701,Lotad,-43480.39999999998
131,Weedle,-43486.39999999998
1741,Igglybuff,-43498.39999999999
8271,Nickit,-43689.599999999846
1631,Hoothoot,-44311.20000000017
2632,Zigzagoon,-45542.39999999999
2631,Zigzagoon,-45542.39999999999
4151,Combee,-45552.39999999999
7611,Bounsweet,-45556.39999999999
1911,Sunkern,-45564.39999999999
7901,Cosmoem,-46503.39999999999
4123,Burmy,-46557.39999999999
4122,Burmy,-46557.39999999999
4121,Burmy,-46557.39999999999
5461,Cottonee,-46576.39999999998
8721,Snom,-46600.39999999998
1731,Cleffa,-46600.999999999985
7891,Cosmog,-46603.39999999999
2801,Ralts,-46607.39999999998
4581,Mantyke,-47610.39999999998
101,Caterpie,-47642.39999999998
141,Kakuna,-50749.39999999998
4011,Kricketot,-50753.39999999998
4361,Bronzor,-51748.39999999998
1751,Togepi,-51769.39999999998
1651,Ledyba,-51794.39999999998
6651,Spewpa,-52820.39999999998
3601,Wynaut,-52826.39999999998
2421,Blissey,-52839.39999999998
7461,Wishiwashi,-54823.39999999998
111,Metapod,-54905.39999999998
8241,Blipbug,-54929.39999999998
1831,Marill,-55944.39999999998
2981,Azurill,-55954.39999999998
2351,Smeargle,-55957.39999999998
3491,Feebas,-62207.39999999998
1291,Magikarp,-65306.39999999998
1131,Chansey,-65329.39999999998
2131,Shuckle,-66164.39999999998
4401,Happiny,-69497.40000000001
